Date,Open,High,Low,Close,Volume,EMA_fast,EMA_slow,SMA_long,RSI,MACD,MACD_Signal,MACD_Hist,BB_Mid,BB_Upper,BB_Lower,BB_Width,BB_Pct,Vol_MA,Vol_Ratio,ATR,ATR_Pct,StochRSI,StochRSI_K,StochRSI_D,Sig_EMA,Sig_SMA,Sig_RSI,Sig_MACD,Sig_BB,Sig_Vol,EMA_Cross,MACD_Cross,Score,Buy_Signal,Sell_Signal
2025-02-27,22.0,22.0,22.0,22.0,2556100,22.0,22.0,,,0.0,0.0,0.0,,,,,,,,,,,,,0,0,0,0,0,0,0,0,0,False,False
2025-02-28,20.0,20.0,20.0,20.0,1809900,21.80952380952381,21.92156862745098,,,-0.1595441595441578,-0.03190883190883156,-0.12763532763532623,,,,,,,,,,,,,-1,0,0,-1,0,0,-1,-1,-2,False,True
2025-03-03,20.0,21.0,20.0,20.0,632000,21.63718820861678,21.846212995001924,,,-0.2827249778816707,-0.0820720611033994,-0.20065291677827132,,,,,,,,,,,,,-1,0,0,-1,0,0,0,0,-2,False,False
2025-03-04,20.0,22.0,20.0,22.0,1323900,21.67174171255804,21.852243857943026,,,-0.21646806942380792,-0.1089512627674811,-0.10751680665632682,,,,,,,,,,,,,-1,0,0,-1,0,0,0,0,-2,False,False
2025-03-05,22.0,22.0,22.0,22.0,393700,21.70300440660013,21.858038216455064,,,-0.16209051357307658,-0.1195791129286002,-0.04251140064447638,,,,,,,,,,,,,-1,0,0,-1,0,0,0,0,-2,False,False
2025-03-06,22.0,22.0,20.0,20.0,363000,21.54081351073345,21.785173972672514,,,-0.2771839896037207,-0.1511000882636243,-0.1260839013400964,,,,,,,,,,,,,-1,0,0,-1,0,0,0,0,-2,False,False
2025-03-07,21.0,22.0,21.0,22.0,2749200,21.584545557330266,21.793598522763787,,,-0.20465398946130264,-0.16181086850315998,-0.04284312095814266,,,,,,,,,,,,,-1,0,0,-1,0,0,0,0,-2,False,False
2025-03-10,22.0,22.0,22.0,22.0,1990400,21.624112647108337,21.80169269834168,,,-0.14549625157808777,-0.15854794511814554,0.01305169354005778,,,,,,,,,,,,,-1,0,0,1,0,0,0,1,0,False,False
2025-03-11,21.0,22.0,21.0,22.0,175200,21.65991144262183,21.809469455269458,,,-0.09748951960031604,-0.14633626001457964,0.048846740414263595,,,,,,,,,,,,,-1,0,0,1,0,0,0,0,0,False,False
2025-03-12,22.0,22.0,21.0,21.0,1391400,21.597062733800705,21.777725555062812,,,-0.13853849574764254,-0.14477670716119223,0.006238211413549688,,,,,,,,,,,,,-1,0,0,1,0,0,0,0,0,False,False
2025-03-13,21.0,22.0,21.0,22.0,392800,21.63543771153397,21.78644219996231,,,-0.08934850844714148,-0.1336910674183821,0.04434255897124062,,,,,,,,,,,,,-1,0,0,1,0,0,0,0,0,False,False
2025-03-14,22.0,22.0,22.0,22.0,459900,21.670157929483118,21.794817015650064,,,-0.04979112798724117,-0.11691107953215392,0.06711995154491275,,,,,,,,,,,,,-1,0,0,1,0,0,0,0,0,False,False
2025-03-17,22.0,24.0,22.0,24.0,17365700,21.892047650484724,21.88129477974222,,,0.14131270146695485,-0.06526632333233218,0.20657902479928703,,,,,,,,,,,,,1,0,0,1,0,0,1,0,2,True,False
2025-03-18,24.0,26.0,24.0,25.0,7230400,22.18804311234332,22.003596945242524,,61.53846153846153,0.3691996025895641,0.02162686185204707,0.347572740737517,,,,,,,,1.1428571428571428,4.571428571428571,,,,1,0,0,1,0,0,0,0,2,False,False
2025-03-19,25.0,25.0,24.0,24.0,3973400,22.36061043497729,22.081887261115366,,57.14285714285714,0.4637639883398741,0.11005428714961249,0.35370970119026157,,,,,,,,1.2142857142857142,5.059523809523809,,,,1,0,0,1,0,0,0,0,2,False,False
2025-03-20,25.0,25.0,23.0,23.0,6101600,22.421504679265166,22.117891682248096,,61.53846153846153,0.4527957550862496,0.1786025807369399,0.2741931743493097,,,,,,,,1.2142857142857142,5.279503105590062,,,,1,0,0,1,0,0,0,0,2,False,False
2025-03-21,24.0,24.0,23.0,23.0,368000,22.476599471716103,22.152484165297192,,61.53846153846153,0.43904234435949263,0.23069053346145046,0.20835181089804217,,,,,,,,1.2142857142857142,5.279503105590062,,,,1,0,0,1,0,0,0,0,2,False,False
2025-03-24,22.0,22.0,22.0,22.0,465000,22.43120904583838,22.14650439410907,,50.0,0.34349146878314585,0.25325072052578956,0.09024074825735628,,,,,,,,1.1428571428571428,5.194805194805195,,,,1,0,0,1,0,0,0,0,2,False,False
2025-03-25,22.0,22.0,21.0,21.0,1193900,22.2949034224252,22.101543437477343,,46.15384615384615,0.1849431592144022,0.2395892082635121,-0.05464604904910991,,,,,,,,1.2142857142857142,5.782312925170068,,,,1,0,0,-1,0,0,0,-1,0,False,False
2025-03-26,22.0,23.0,22.0,22.0,175300,22.26681738219423,22.097561341889996,,58.33333333333333,0.13838886357832791,0.21934913932647526,-0.08096027574814735,22.05,24.683788546042216,19.416211453957786,23.889238512854558,0.49050796995925594,2555540.0,0.06859606971520696,1.2142857142857142,5.51948051948052,,,,1,0,0,-1,0,0,0,0,0,False,False
2025-03-27,22.0,22.0,22.0,22.0,60200,22.241406202937636,22.09373540691392,,50.0,0.10033761926427331,0.19554683531403488,-0.09520921604976157,22.05,24.683788546042216,19.416211453957786,23.889238512854558,0.49050796995925594,2430745.0,0.024766069661770362,1.0714285714285714,4.87012987012987,,,,1,0,0,-1,0,0,0,0,0,False,False
2025-04-08,21.0,21.0,20.0,20.0,1822300,22.027938945515004,22.01162813605455,,41.66666666666667,-0.0901622173836536,0.1384050247744972,-0.2285672421581508,22.05,24.683788546042216,19.416211453957786,23.889238512854558,0.11082676832949846,2431365.0,0.7494966819050204,1.2142857142857142,6.07142857142857,,,,1,0,0,-1,0,0,0,0,0,False,False
2025-04-09,20.0,20.0,20.0,20.0,345900,21.834801903085005,21.93274075817006,,41.66666666666667,-0.2383867364966008,0.06304667252027761,-0.30143340901687843,22.05,24.683788546042216,19.416211453957786,23.889238512854558,0.11082676832949846,2417060.0,0.14310774246398517,1.1428571428571428,5.714285714285714,,,,-1,0,0,-1,0,0,-1,0,-2,False,True
2025-04-10,20.0,20.0,20.0,20.0,1658800,21.66005886469596,21.856947002947706,,45.45454545454546,-0.3518003997731647,-0.019922741938410843,-0.33187765783475387,21.95,24.739076436460834,19.160923563539164,25.412997143151117,0.15042191484819464,2433805.0,0.6815665182707735,1.0714285714285714,5.357142857142857,,,,-1,0,0,-1,0,0,0,0,-2,False,False
2025-04-11,20.0,21.0,20.0,21.0,302000,21.597196115677296,21.82334123812623,,45.45454545454546,-0.35687605732861627,-0.08731340501645193,-0.26956265231216436,21.9,24.720974075889764,19.079025924110233,25.762320327760413,0.3404806326133768,2429220.0,0.12431974049283309,1.0714285714285714,5.1020408163265305,,,,-1,0,0,-1,0,0,0,0,-2,False,False
2025-04-14,21.0,21.0,20.0,21.0,280100,21.540320295136603,21.791053346435007,,45.45454545454546,-0.35678574849224276,-0.1412078737116101,-0.21557787478063267,21.95,24.662543960352,19.237456039648,24.71566250890206,0.3248876305995941,2425075.0,0.11550158242528581,1.1428571428571428,5.442176870748299,,,,-1,0,0,-1,0,0,0,0,-2,False,False
2025-04-15,21.0,21.0,21.0,21.0,227500,21.48886121940931,21.760031646574813,,33.33333333333333,-0.35264905925016166,-0.1834961108193204,-0.16915294843084125,21.9,24.645330964613038,19.15466903538696,25.071515658566568,0.33608533695920784,2298990.0,0.09895649828837881,1.0,4.761904761904762,0.0,,,-1,0,0,-1,0,0,0,0,-2,False,False
2025-04-16,20.0,21.0,20.0,20.0,1044100,21.3470649127989,21.69101079768953,,22.222222222222214,-0.4251613504792999,-0.23182915875131632,-0.1933321917279836,21.8,24.672739385838433,18.92726061416157,26.355407209526906,0.18671018177399756,2251675.0,0.4636992461167797,0.9285714285714286,4.642857142857143,0.0,,,-1,0,1,-1,0,0,0,0,-1,False,False
2025-04-17,20.0,20.0,19.0,19.0,2068100,21.123534921103765,21.58548096248602,,22.222222222222214,-0.5568999108385491,-0.2968433091687629,-0.26005660166978617,21.65,24.780495168499705,18.519504831500292,28.91912395842685,0.07674427568754015,2346320.0,0.881422823826247,0.9285714285714286,4.887218045112783,0.0,0.0,,-1,0,1,-1,0,0,0,0,-1,False,False
2025-04-21,20.0,20.0,20.0,20.0,254000,21.01653159528436,21.52330523846696,,33.33333333333333,-0.5739953651275478,-0.3522737203605199,-0.22172164476702788,21.6,24.80525883674413,18.394741163255873,29.678322562445636,0.2504101725486129,2289450.0,0.11094367642883662,0.8571428571428571,4.285714285714286,0.282608695652174,0.09420289855072467,,-1,0,0,-1,0,0,0,0,-2,False,False
2025-04-22,20.0,20.0,19.0,20.0,186900,20.919719062400134,21.463567778134923,,33.33333333333333,-0.5808479818482439,-0.39798857265806475,-0.18285940919017918,21.5,24.776712087636504,18.223287912363496,30.481042675688407,0.27111202329009754,2279155.0,0.08200407607205303,0.8571428571428571,4.285714285714286,0.30769230769230776,0.19676700111482726,0.09698996655518398,-1,0,0,-1,0,0,0,0,-2,False,False
2025-04-23,20.0,20.0,19.0,20.0,568500,20.832126770742978,21.406172963306105,,37.5,-0.5795974908818593,-0.4343103563028237,-0.14528713457903558,21.4,24.734035013865963,18.065964986134034,31.159205737065093,0.29004419656999414,2284585.0,0.2488416933491203,0.8571428571428571,4.285714285714286,0.42307692307692324,0.3377926421404684,0.20958751393534011,-1,0,0,-1,0,0,0,0,-2,False,False
2025-04-24,20.0,20.0,19.0,20.0,1077400,20.75287660210079,21.351028925529395,,42.857142857142854,-0.5720126618810504,-0.46185081741846906,-0.11016184446258132,21.2,24.35227570260965,18.04772429739035,29.73845002461934,0.3096613188042904,1470170.0,0.7328404198153955,0.8571428571428571,4.285714285714286,0.5714285714285715,0.43406593406593413,0.3228751924404099,-1,0,0,-1,0,0,0,0,-2,False,False
2025-04-25,19.0,20.0,19.0,20.0,1497900,20.681174068567383,21.298047399038047,,33.33333333333333,-0.5595514692236527,-0.4813909477795058,-0.07816052144414692,20.95,23.58378854604221,18.316211453957788,25.14356607200202,0.3196514292258651,1183545.0,1.265604603120287,0.7857142857142857,3.9285714285714284,0.4,0.46483516483516496,0.41223124701385583,-1,0,0,-1,0,0,0,0,-2,False,False
2025-04-28,20.0,20.0,20.0,20.0,199000,20.61630034775144,21.24714357946793,,33.33333333333333,-0.543411771623429,-0.4937951125482905,-0.049616659075138514,20.75,22.986067977499786,18.513932022500214,21.55246243373288,0.3322949016875155,994825.0,0.20003518206719775,0.7857142857142857,3.9285714285714284,0.47826086956521724,0.4832298136645963,0.4607103041885651,-1,0,0,-1,0,0,0,0,-2,False,False
2025-04-29,20.0,21.0,20.0,21.0,3022000,20.652843171775114,21.23745167439076,,60.0,-0.44480190288680177,-0.4839964706159928,0.039194567729191054,20.65,22.62617386833616,18.673826131663837,19.13969848267469,0.5885549610811026,840845.0,3.594003651089083,0.7142857142857143,3.4013605442176873,1.0,0.6260869565217391,0.5247173116738334,-1,0,0,1,0,1,0,1,1,False,False
2025-04-30,21.0,21.0,21.0,21.0,609400,20.68590572684415,21.228139844022493,,60.0,-0.362474491165667,-0.45969207472592766,0.09721758356026067,20.55,22.201155894963787,18.898844105036215,16.06964374660619,0.6362681747291551,852915.0,0.7144908929963713,0.7142857142857143,3.4013605442176873,1.0,0.8260869565217391,0.6451345755693582,-1,0,0,1,0,0,0,0,0,False,False
2025-05-02,21.0,21.0,20.0,20.0,1833300,20.620581371906614,21.179977497198085,,50.0,-0.37361427410590764,-0.44247651460192367,0.06886224049601603,20.45,21.968309309032485,18.931690690967514,14.84899079738372,0.3518088516868959,921330.0,1.9898407736641595,0.7857142857142857,3.9285714285714284,0.7352941176470589,0.9117647058823529,0.7879795396419437,-1,0,0,1,0,1,0,0,1,False,False
2025-05-05,20.0,20.0,19.0,20.0,340600,20.561478384105985,21.133703869856983,,39.99999999999999,-0.37808431174734025,-0.429598074031007,0.051513762283666775,20.4,21.90787406985009,18.892125930149906,14.783079116177383,0.3673629290409626,878665.0,0.3876335122031719,0.7857142857142857,3.9285714285714284,0.4705882352941176,0.7352941176470589,0.824381926683717,-1,0,0,1,0,0,0,0,0,False,False
2025-05-06,20.0,20.0,20.0,20.0,276600,20.50800425228637,21.089244894568477,,39.99999999999999,-0.37727782486529904,-0.4191340241978655,0.04185619933256646,20.3,21.613893370663558,18.986106629336444,12.944762272547358,0.38583548456124284,883730.0,0.312991524560669,0.7142857142857143,3.571428571428571,0.4705882352941176,0.5588235294117646,0.7352941176470588,-1,0,0,1,0,0,0,0,0,False,False
2025-05-07,20.0,20.0,19.0,19.0,2588400,20.364384799687667,21.00731372223246,,33.33333333333333,-0.4521185793039848,-0.4257309352190894,-0.026387644084895412,20.15,21.324285897224772,18.975714102775225,11.655443148632992,0.010340708886213685,1010140.0,2.5624170907002988,0.7857142857142857,4.135338345864661,0.29411764705882354,0.41176470588235287,0.5686274509803921,-1,0,0,-1,1,1,0,-1,0,False,False
2025-05-08,19.0,20.0,19.0,20.0,1821500,20.3296814854317,20.967811223321384,,50.0,-0.4258300697695745,-0.4257507621291864,-7.930764038810434e-05,20.15,21.324285897224772,18.975714102775225,11.655443148632992,0.4361313968112458,1010100.0,1.8032868032868032,0.7857142857142857,3.9285714285714284,0.7352941176470589,0.5,0.49019607843137253,-1,0,0,-1,0,1,0,0,-1,False,False
2025-05-09,20.0,20.0,20.0,20.0,57400,20.29828324872392,20.929857842014663,,60.0,-0.40038089483783423,-0.420676788670916,0.02029589383308178,20.15,21.324285897224772,18.975714102775225,11.655443148632992,0.4361313968112458,995675.0,0.05764933336681146,0.7142857142857143,3.571428571428571,1.0,0.676470588235294,0.5294117647058822,-1,0,0,1,0,0,0,1,0,False,False
2025-05-14,20.0,20.0,20.0,20.0,3431900,20.26987532027402,20.893392828602323,,50.0,-0.3758793373290601,-0.41171729840254484,0.03583796107348475,20.15,21.324285897224772,18.975714102775225,11.655443148632992,0.4361313968112458,1084330.0,3.164995896083296,0.6428571428571429,3.214285714285715,0.6250000000000001,0.7867647058823529,0.6544117647058824,-1,0,0,1,0,1,0,0,1,False,False
2025-05-15,20.0,20.0,19.0,20.0,462500,20.244172908819355,20.85835781571596,,50.0,-0.3523994351517672,-0.39985372575238937,0.04745429060062217,20.1,21.20501250290614,18.994987497093863,10.995149282648143,0.45475164319996136,1092355.0,0.4233971556865671,0.6428571428571429,3.214285714285715,0.6250000000000001,0.75,0.7377450980392156,-1,0,0,1,0,0,0,0,0,False,False
2025-05-16,20.0,20.0,20.0,20.0,4856200,20.220918346074654,20.824696724903568,,50.0,-0.3299875524185403,-0.38588049108561956,0.055892938667079284,20.05,21.07083557106805,19.029164428931953,10.18289846451918,0.47551025776477973,1321160.0,3.675709225226316,0.5714285714285714,2.857142857142857,0.6250000000000001,0.6250000000000001,0.7205882352941178,-1,0,0,1,0,1,0,0,1,False,False
2025-05-19,21.0,21.0,20.0,21.0,2219900,20.29511659882945,20.831571363142643,,60.0,-0.22889576335497352,-0.35448354553949035,0.12558778218451683,20.05,21.07083557106805,19.029164428931953,10.18289846451918,0.9653051024691778,1420780.0,1.5624516110868678,0.5714285714285714,2.7210884353741496,1.0,0.7500000000000001,0.7083333333333334,-1,0,0,1,-1,1,0,0,0,False,False
2025-05-20,21.0,21.0,21.0,21.0,1737100,20.36224835132188,20.838176407725285,,60.0,-0.14708429598773876,-0.31300369562914004,0.1659193996414013,20.1,21.20501250290614,18.994987497093863,10.995149282648143,0.9072352112003416,1455430.0,1.1935304343046385,0.5,2.380952380952381,1.0,0.875,0.75,-1,0,0,1,0,0,0,0,0,False,False
2025-05-21,21.0,23.0,21.0,23.0,12087700,20.61346279405313,20.922953803500764,,71.42857142857143,0.07823334136252313,-0.23475628823080744,0.31298962959333054,20.3,21.90262941837205,18.69737058162795,15.78945239775419,1.342365667648438,1956410.0,6.178510639385405,0.6428571428571429,2.7950310559006213,1.0,1.0,0.875,-1,0,-1,1,-1,1,0,0,-1,False,False
2025-05-22,21.0,21.0,21.0,21.0,4254600,20.650275861286165,20.925975222971324,,50.0,0.09432854622255604,-0.16893932134013473,0.26326786756269077,20.35,21.975455401774486,18.724544598225517,15.974991663631297,0.6999439662541352,2156440.0,1.9729739756264955,0.7142857142857143,3.4013605442176873,0.43750000000000006,0.8125,0.8958333333333334,-1,0,0,1,0,1,0,0,1,False,False
2025-05-23,21.0,21.0,21.0,21.0,527100,20.683582922116052,20.928878155403822,,50.0,0.10586378027275245,-0.1139787010175573,0.21984248129030975,20.4,22.041565363336233,18.758434636663765,16.093778071923865,0.68275239396517,2173450.0,0.24251765626078356,0.7142857142857143,3.4013605442176873,0.43750000000000006,0.625,0.8125,-1,0,0,1,0,0,0,0,0,False,False
2025-05-26,21.0,21.0,20.0,21.0,411300,20.713717881914523,20.931667247348773,,57.14285714285714,0.11369493196139402,-0.06844397442176704,0.18213890638316105,20.45,22.10115589496378,18.798844105036217,16.148223911626232,0.6665499913356349,2165590.0,0.18992514741940994,0.7142857142857143,3.4013605442176873,0.6249999999999999,0.5,0.6458333333333334,-1,0,0,1,0,0,0,0,0,False,False
2025-05-27,21.0,21.0,21.0,21.0,535800,20.740982845541712,20.93434696313902,,57.14285714285714,0.11853478092586656,-0.031048223352240324,0.1495830042781069,20.5,22.15434038373701,18.84565961626299,16.13990618280011,0.6511176312067483,2138510.0,0.2505482789418801,0.6428571428571429,3.0612244897959187,0.6249999999999999,0.5625,0.5625,-1,0,0,1,0,0,0,0,0,False,False
2025-05-28,21.0,21.0,19.0,20.0,537500,20.670413050728214,20.897705905761022,,50.0,0.0412037818988793,-0.016597822302016403,0.0578016042008957,20.5,22.15434038373701,18.84565961626299,16.13990618280011,0.3488823687932518,2090490.0,0.2571167525317031,0.7857142857142857,3.9285714285714284,0.43750000000000006,0.5625,0.5416666666666666,-1,0,0,1,0,0,0,0,0,False,False
2025-06-02,21.0,21.0,20.0,20.0,380700,20.6065641887541,20.862501752593925,,57.14285714285714,-0.019852741918835903,-0.017248806225380303,-0.0026039356934556,20.5,22.15434038373701,18.84565961626299,16.13990618280011,0.3488823687932518,2099575.0,0.18132241048783682,0.7857142857142857,3.9285714285714284,0.3333333333333331,0.4652777777777777,0.5300925925925926,-1,0,0,-1,0,0,0,-1,-2,False,True
2025-06-03,20.0,20.0,19.0,19.0,1278200,20.453558075539423,20.789462468178478,,42.857142857142854,-0.14723488745216073,-0.04324602247073639,-0.10398886498142434,20.4,22.165159900316162,18.634840099683835,17.30548921878592,0.10343536023301911,2012385.0,0.6351667300243243,0.7857142857142857,4.135338345864661,0.0,0.25694444444444436,0.4282407407407407,-1,0,0,-1,0,0,0,0,-2,False,False
2025-06-04,20.0,20.0,20.0,20.0,167500,20.410362068345194,20.758503155700893,,50.0,-0.16558574349733135,-0.06771396667605538,-0.09787177682127597,20.35,22.10018795983083,18.599812040169173,17.200864470081854,0.40001073940828846,1990290.0,0.08415858995422777,0.8571428571428571,4.285714285714286,0.25000000000000006,0.1944444444444444,0.30555555555555547,-1,0,0,-1,0,0,0,0,-2,False,False
2025-06-05,20.0,20.0,20.0,20.0,415400,20.37127996659803,20.728757933908703,,50.0,-0.17807617779485696,-0.0897864088998157,-0.08828976889504125,20.35,22.10018795983083,18.599812040169173,17.200864470081854,0.40001073940828846,1919395.0,0.216422362254773,0.8571428571428571,4.285714285714286,0.25000000000000006,0.1666666666666667,0.2060185185185185,-1,0,0,-1,0,0,0,0,-2,False,False
2025-06-10,19.0,20.0,19.0,19.0,340800,20.240681874541078,20.66096350512797,,44.444444444444436,-0.2656048522126362,-0.1249500975623798,-0.1406547546502564,20.3,22.146761033753265,18.453238966246737,18.194689987716885,0.14803242643745135,1919405.0,0.17755502356198927,0.8571428571428571,4.511278195488721,0.05555555555555535,0.18518518518518515,0.18209876543209877,-1,0,0,-1,0,0,0,0,-2,False,False
2025-06-11,19.0,20.0,18.0,19.0,3324900,20.122521696013358,20.595827681397463,,44.444444444444436,-0.33115461305605365,-0.16619100066111459,-0.16496361239493906,20.25,22.18309133391651,18.31690866608349,19.09226008806431,0.1766836677428335,2071820.0,1.6048208821229644,1.0,5.263157894736842,0.05555555555555535,0.12037037037037025,0.15740740740740736,-1,0,0,-1,0,1,0,0,-1,False,False
2025-06-12,19.0,20.0,19.0,20.0,691200,20.110852963059706,20.572461889970114,,44.444444444444436,-0.2989653417731901,-0.19274586888352968,-0.10621947288966044,20.3,22.146761033753265,18.453238966246737,18.194689987716885,0.41877671379325787,1976960.0,0.34962771123340886,1.0,5.0,0.05555555555555535,0.05555555555555535,0.12037037037037025,-1,0,0,-1,0,0,0,0,-2,False,False
2025-06-13,20.0,20.0,20.0,20.0,261200,20.100295538006403,20.550012404088935,,44.444444444444436,-0.270338814793476,-0.20826445806551896,-0.062074356727957025,20.3,22.146761033753265,18.453238966246737,18.194689987716885,0.41877671379325787,1898945.0,0.13755006069159453,1.0,5.0,0.05555555555555535,0.05555555555555535,0.07716049382716032,-1,0,0,-1,0,0,0,0,-2,False,False
2025-06-16,19.0,20.0,19.0,20.0,35600,20.090743582005793,20.528443290203096,,28.57142857142857,-0.24482983992568208,-0.2155775344375516,-0.029252305488130487,20.3,22.146761033753265,18.453238966246737,18.194689987716885,0.41877671379325787,1897855.0,0.01875801892136122,0.9285714285714286,4.642857142857143,0.0,0.0370370370370369,0.04938271604938254,-1,0,1,-1,0,0,0,0,-1,False,False
2025-06-17,20.0,20.0,19.0,19.0,455400,19.986863240862384,20.468504337646113,,33.33333333333333,-0.3018261719816806,-0.2328272619463774,-0.0689989100353032,20.25,22.18309133391651,18.31690866608349,19.09226008806431,0.1766836677428335,1749030.0,0.26037289240321776,0.8571428571428571,4.511278195488721,0.16666666666666657,0.07407407407407397,0.05555555555555541,-1,0,0,-1,0,0,0,0,-2,False,False
2025-06-18,19.0,20.0,19.0,20.0,979600,19.98811436078025,20.450131618522736,,42.857142857142854,-0.2632697236269017,-0.23891575428248227,-0.02435396934441944,20.25,22.18309133391651,18.31690866608349,19.09226008806431,0.4353367335485667,1774885.0,0.551923082340546,0.9285714285714286,4.642857142857143,0.5,0.22222222222222218,0.11111111111111101,-1,0,0,-1,0,0,0,0,-2,False,False
2025-06-19,19.0,19.0,19.0,19.0,505000,19.894008231182134,20.393263711914003,,37.5,-0.3098335350454988,-0.2530993104350856,-0.05673422461041322,20.2,22.210498759800124,18.189501240199874,19.905928314852726,0.20156659034216515,1557325.0,0.3242739954730066,0.9285714285714286,4.887218045112783,0.3125000000000001,0.3263888888888889,0.2075617283950617,-1,0,0,-1,0,0,0,0,-2,False,False
2025-06-20,19.0,19.0,18.0,18.0,1507900,19.713626494879076,20.299410233015415,,33.33333333333333,-0.42255636695413656,-0.28699072173889584,-0.13556564521524073,20.05,22.248085291195128,17.851914708804873,21.926037817407753,0.033685064858109036,1521725.0,0.9909149156385023,1.0,5.555555555555555,0.16666666666666657,0.3263888888888889,0.2916666666666667,-1,0,0,-1,1,0,0,0,-1,False,False
2025-06-23,18.0,18.0,18.0,18.0,1404500,19.55042397155726,20.209237282701086,,37.5,-0.5060565188260959,-0.33080388115633585,-0.17525263766976007,19.9,22.230574810506702,17.569425189493295,23.422862417152803,0.09237523905381341,1505095.0,0.9331636873419951,0.8571428571428571,4.761904761904762,0.3125000000000001,0.26388888888888895,0.3055555555555556,-1,0,0,-1,0,0,0,0,-2,False,False
2025-06-24,18.0,19.0,18.0,19.0,43100,19.49800264093276,20.16181621279124,,44.444444444444436,-0.4859377601066832,-0.36183065694640537,-0.12410710316027784,19.7,21.546761033753256,17.853238966246742,18.74884298226657,0.3104789988509349,902865.0,0.04773692634003976,0.8571428571428571,4.511278195488721,0.7407407407407404,0.40663580246913567,0.3323045267489712,-1,0,0,-1,0,0,0,0,-2,False,False
2025-06-25,19.0,19.0,18.0,19.0,3325500,19.450573817986783,20.116254792681783,,50.0,-0.46463744760450254,-0.38239201507802484,-0.0822454325264777,19.6,21.365159900316154,17.83484009968385,18.01183571751176,0.3300437258141494,856410.0,3.883070024871265,0.8571428571428571,4.511278195488721,1.0,0.6844135802469135,0.45164609053497945,-1,0,0,-1,0,1,0,0,-1,False,False
2025-06-26,19.0,19.0,19.0,19.0,71600,19.407662025797567,20.072480094929556,,42.857142857142854,-0.44265415493066484,-0.39444444304855286,-0.04820971188211198,19.5,21.154340383736997,17.845659616263003,16.96759367935382,0.3488823687932505,833635.0,0.08588890821522609,0.7857142857142857,4.135338345864661,0.6666666666666665,0.8024691358024688,0.6311728395061726,-1,0,0,-1,0,0,0,0,-2,False,False
2025-06-30,18.0,19.0,18.0,19.0,342200,19.368837070959703,20.030422051991145,,42.857142857142854,-0.42038628568557,-0.3996328115759563,-0.0207534741096137,19.4,20.90787406985007,17.892125930149927,15.545093503608987,0.36736292904096074,830180.0,0.41219976390662266,0.8571428571428571,4.511278195488721,0.6666666666666665,0.7777777777777777,0.7548868312757199,-1,0,0,-1,0,0,0,0,-2,False,False
2025-07-01,19.0,19.0,19.0,19.0,41700,19.333709730868303,19.990013344069926,,50.0,-0.3981492224800327,-0.3993360937567716,0.0011868712767388878,19.3,20.613893370663536,17.986106629336465,13.61547534366358,0.38583548456124095,805475.0,0.05177069431081039,0.7857142857142857,4.135338345864661,1.0,0.7777777777777777,0.7860082304526749,-1,0,0,1,0,0,0,1,0,False,False
2025-07-02,19.0,19.0,19.0,19.0,37600,19.30192785173799,19.951189291361302,,50.0,-0.37618970888617653,-0.3947068167826526,0.018517107896476093,19.25,20.527332747316972,17.972667252683028,13.270989582513998,0.4021398298426455,780480.0,0.04817548175481755,0.6428571428571429,3.3834586466165417,1.0,0.8888888888888888,0.8148148148148149,-1,0,0,1,0,0,0,0,0,False,False
2025-07-03,19.0,19.0,18.0,18.0,1089800,19.17793472300104,19.874672064249097,,33.33333333333333,-0.43446997933103404,-0.40265944929232894,-0.0318105300387051,19.15,20.491640786499833,17.808359213500164,14.011914219319419,0.07142030431252815,815935.0,1.3356456090252287,0.6428571428571429,3.571428571428572,0.22222222222222207,0.7407407407407406,0.8024691358024691,-1,0,0,-1,0,0,0,-1,-2,False,True
2025-07-04,18.0,18.0,18.0,18.0,1206200,19.06575046366761,19.80115551270992,,33.33333333333333,-0.4751799350433181,-0.4171635464425268,-0.058016388600791335,19.1,20.53636969291918,17.663630307080822,15.040520344703442,0.11709022216820897,812335.0,1.4848553860168527,0.6428571428571429,3.571428571428572,0.22222222222222207,0.4814814814814814,0.7037037037037037,-1,0,0,-1,0,0,0,0,-2,False,False
2025-07-07,18.0,18.0,18.0,18.0,1765600,18.96425041950879,19.730521963191883,,33.33333333333333,-0.5016600435353524,-0.43406284586109195,-0.06759719767426048,19.0,20.450952500219984,17.549047499780016,15.273184212841933,0.15539878119773504,892240.0,1.9788397740518247,0.5714285714285714,3.1746031746031744,0.0,0.14814814814814806,0.4567901234567901,-1,0,0,-1,0,1,0,0,-1,False,False
2025-07-08,19.0,19.0,19.0,19.0,366400,18.967655141460334,19.701874043066713,,50.0,-0.4369175639375449,-0.4346337894763826,-0.002283774461162291,18.95,20.322665482306476,17.577334517693522,14.487234641757013,0.5182127403378667,889790.0,0.4117825554344283,0.5714285714285714,3.007518796992481,1.0,0.4074074074074074,0.345679012345679,-1,0,0,-1,0,0,0,0,-2,False,False
2025-07-09,19.0,19.0,18.0,18.0,1074300,18.875497508940303,19.635133884515078,,33.33333333333333,-0.46098636124481374,-0.43990430383006884,-0.021082057414744892,18.9,20.33636969291917,17.463630307080827,15.199679290149968,0.18671018177398852,926465.0,1.1595688989870097,0.5714285714285714,3.1746031746031744,0.0,0.3333333333333333,0.2962962962962963,-1,0,0,-1,0,0,0,0,-2,False,False
2025-07-10,18.0,18.0,18.0,18.0,2398600,18.79211679380313,19.571010987083117,,39.99999999999999,-0.47459027524629604,-0.4468414981133143,-0.02774877713298174,18.85,20.340319640741146,17.359680359258856,15.812409981338407,0.21482627727522557,880150.0,2.725217292506959,0.5,2.7777777777777777,0.39999999999999974,0.46666666666666656,0.4024691358024692,-1,0,0,-1,0,1,0,0,-1,False,False
2025-07-11,19.0,19.0,19.0,19.0,812400,18.81191519439331,19.548618399354368,,60.0,-0.40006809646972386,-0.43748681778459625,0.037418721314872394,18.8,20.191704747876873,17.40829525212313,14.805369658264597,0.5718543212219083,886210.0,0.9167127430293046,0.5,2.631578947368421,1.0,0.46666666666666656,0.4222222222222222,-1,0,0,1,0,0,0,1,0,False,False
2025-07-14,19.0,19.0,19.0,19.0,359500,18.82982803302252,19.527103952320864,,60.0,-0.3371225934798794,-0.4174139729236529,0.08029137944377351,18.75,20.027332747316958,17.472667252683042,13.624882638047552,0.5978601701573556,891125.0,0.4034226399214476,0.5,2.631578947368421,1.0,0.7999999999999998,0.5777777777777777,-1,0,0,1,0,0,0,0,0,False,False
2025-07-15,19.0,19.0,19.0,19.0,745100,18.846034887020377,19.506433209092595,,50.0,-0.2839644632914826,-0.39072407099721884,0.10675960770573623,18.7,19.842481141154895,17.557518858845103,12.219049638020277,0.6312931956569282,926600.0,0.8041225987481114,0.42857142857142855,2.2556390977443606,0.6250000000000001,0.875,0.7138888888888889,-1,0,0,1,0,0,0,0,0,False,False
2025-07-16,19.0,19.0,18.0,19.0,512400,18.860698231113673,19.48657308324583,,50.0,-0.2390802933342897,-0.36039531546463305,0.12131502213034334,18.7,19.842481141154895,17.557518858845103,12.219049638020277,0.6312931956569282,929450.0,0.5512937758889666,0.42857142857142855,2.2556390977443606,0.6250000000000001,0.75,0.8083333333333332,-1,0,0,1,0,0,0,0,0,False,False
2025-07-17,19.0,19.0,19.0,19.0,808200,18.873965066245706,19.467491785863643,,50.0,-0.20119007136401734,-0.32855426664450993,0.1273641952804926,18.65,19.62872096985911,17.671279030140887,10.495667237095029,0.6788047925704425,920880.0,0.8776387802971071,0.42857142857142855,2.2556390977443606,0.6250000000000001,0.6250000000000001,0.7500000000000001,-1,0,0,1,0,0,0,0,0,False,False
2025-07-18,19.0,19.0,18.0,19.0,546400,18.885968393269927,19.449158774653306,,50.0,-0.16921123567376029,-0.29668566045036,0.1274744247765997,18.65,19.62872096985911,17.671279030140887,10.495667237095029,0.6788047925704425,922950.0,0.5920147353594453,0.42857142857142855,2.2556390977443606,0.6250000000000001,0.6250000000000001,0.6666666666666669,-1,0,0,1,0,0,0,0,0,False,False
2025-07-21,20.0,20.0,19.0,19.0,1963500,18.89682854629184,19.43154470505906,,50.0,-0.1422282591566173,-0.26579418019161144,0.12356592103499414,18.7,19.64032469196318,17.75967530803682,10.056948577146315,0.6595193673866365,945730.0,2.0761739608556353,0.5,2.631578947368421,0.6250000000000001,0.6250000000000001,0.6250000000000001,-1,0,0,1,0,1,0,0,1,False,False
2025-07-22,19.0,20.0,19.0,20.0,4377800,19.001892494264045,19.45383706956655,,60.0,-0.039694835855076605,-0.2205743113243045,0.1808794754692279,18.8,19.84629672756113,17.753703272438873,11.130816250650295,1.0734510910672288,1094395.0,4.000201024310235,0.5714285714285714,2.857142857142857,1.0,0.7500000000000001,0.666666666666667,-1,0,0,1,-1,1,0,0,0,False,False
2025-07-23,22.0,22.0,19.0,21.0,5733700,19.192188447191278,19.514470909975707,,80.0,0.12086206087239759,-0.1522870368849641,0.2731490977573617,18.9,20.33636969291917,17.463630307080827,15.199679290149968,1.2310095758606951,1378925.0,4.158094167558062,0.7142857142857143,3.4013605442176873,1.0,0.875,0.7500000000000001,-1,0,-1,1,-1,1,0,0,-1,False,False
2025-07-24,21.0,22.0,21.0,22.0,1466200,19.459599071268297,19.61194263899627,,83.33333333333333,0.32504923567742594,-0.05681978237248608,0.381869018049912,19.05,21.04736668746888,17.05263331253112,20.96972900229795,1.2384723141994332,1285960.0,1.1401598805561604,0.7857142857142857,3.571428571428571,1.0,1.0,0.8750000000000001,-1,0,-1,1,-1,0,0,0,-2,False,False
2025-07-25,22.0,23.0,22.0,23.0,1674500,19.79678011209989,19.744807633545435,,85.71428571428571,0.5610927574115401,0.06676272558431916,0.4943300318272209,19.25,21.915569949915895,16.584430050084105,27.69423324587943,1.2034142923389277,1366105.0,1.2257476548288748,0.8571428571428571,3.7267080745341614,1.0,1.0,0.9583333333333334,1,0,-1,1,-1,0,1,0,0,False,False
2025-07-28,23.0,25.0,23.0,24.0,7204500,20.197086768090376,19.911677922426005,,85.71428571428571,0.8194050008509564,0.2172911806376466,0.6021138202133097,19.5,22.90278523689359,16.09721476310641,34.900361404036815,1.1612230403509187,1709220.0,4.215080563063854,0.9285714285714286,3.869047619047619,1.0,1.0,1.0,1,0,-1,1,-1,1,0,0,1,False,False
2025-07-29,25.0,25.0,25.0,25.0,8893900,20.654507075891292,20.11121996468381,,100.0,1.0922205192054726,0.3922770483512118,0.6999434708542608,19.8,23.985186910244767,15.614813089755234,42.27461525499764,1.1212386819894602,2151830.0,4.13317966567991,0.9285714285714286,3.7142857142857144,1.0,1.0,1.0,1,0,-1,1,-1,1,0,0,1,False,False
2025-07-30,25.0,26.0,25.0,26.0,5657100,21.163601640092125,20.342152515088365,,100.0,1.3732899934808849,0.5884796373771464,0.7848103561037385,20.15,25.145787699336516,15.154212300663481,49.58598212740961,1.0854932547250686,2432805.0,2.325340502013108,1.0,3.8461538461538463,1.0,1.0,1.0,1,0,-1,1,-1,1,0,0,1,False,False
2025-07-31,27.0,28.0,27.0,28.0,6541000,21.81468719817859,20.642460259594703,,100.0,1.73739525117837,0.8182627601373911,0.9191324910409788,20.65,26.642100062406726,14.657899937593271,58.03486743251069,1.1133075151825713,2705365.0,2.4177883575783676,1.0714285714285714,3.826530612244898,1.0,1.0,1.0,1,0,-1,1,-1,1,0,0,1,False,False
2025-08-01,29.0,30.0,29.0,30.0,13746000,22.594240798352057,21.009422602355695,,100.0,2.1624076866829114,1.0870917454464952,1.0753159412364162,21.25,28.41350399411379,14.08649600588621,67.42121406224743,1.1107346353955987,3332355.0,4.125010690637702,1.2142857142857142,4.0476190476190474,1.0,1.0,1.0,1,0,-1,1,-1,1,0,0,1,False,False
2025-08-04,33.0,33.0,33.0,33.0,7602000,23.58526548422329,21.47964132383194,,100.0,2.710068054252762,1.4116870072077488,1.2983810470450132,22.0,30.705715001320144,13.294284998679855,79.14286364836495,1.1317689011374683,3624175.0,2.097580828740334,1.4285714285714286,4.329004329004329,1.0,1.0,1.0,1,0,-1,1,-1,1,0,0,1,False,False
2025-08-05,36.0,36.0,36.0,36.0,17897500,24.767621152392497,22.049067154269903,,100.0,3.347578962699192,1.7988653983060376,1.5487135643931542,22.85,33.43847436950595,12.261525630494054,92.67811264337807,1.1209582013944834,4500730.0,3.976577133042862,1.5714285714285714,4.365079365079365,1.0,1.0,1.0,1,0,-1,1,-1,1,0,0,1,False,False
2025-08-06,39.0,39.0,39.0,39.0,9895300,26.123085804545592,22.71380961880834,,100.0,4.048220512476888,2.2487364211402077,1.7994840913366805,23.9,36.44717414190816,11.352825858091842,104.99727315404317,1.10172911562474,4941780.0,2.0023756622107824,1.7857142857142858,4.578754578754579,1.0,1.0,1.0,1,0,-1,1,-1,1,0,0,1,False,False
2025-08-07,36.0,36.0,36.0,36.0,15568600,27.063744299350773,23.23483669258056,,86.95652173913044,4.31170639321466,2.6613304155550983,1.6503759776595617,24.8,38.12350514968507,11.476494850314932,107.4476221748796,0.9203098161546751,5600280.0,2.7799681444499202,1.9285714285714286,5.357142857142858,0.7391304347826088,0.9130434782608696,0.9710144927536234,1,0,-1,1,0,1,0,0,2,False,False
2025-08-08,33.0,33.0,33.0,33.0,3618400,27.62910198512689,23.617784273263677,,76.92307692307693,4.229688705550927,2.975002073554264,1.2546866319966634,25.5,39.01023004206346,11.989769957936538,105.96258856520362,0.777567442473189,5740580.0,0.6303195844322351,2.0714285714285716,6.277056277056278,0.42307692307692335,0.7207357859531774,0.8779264214046824,1,0,-1,1,0,0,0,0,1,False,False
2025-08-11,30.0,30.0,30.0,30.0,4774100,27.85490179606719,23.86806724293961,,67.85714285714286,3.877912013443435,3.1555840615320987,0.7223279519113364,26.05,39.3398853505807,12.760114649419304,102.03366871846985,0.6486092579356753,5961310.0,0.8008474647351002,2.2142857142857144,7.380952380952381,0.0,0.3874024526198441,0.6737272389446304,1,0,0,1,0,0,0,0,2,False,False
2025-08-12,30.0,32.0,30.0,32.0,6252400,28.2496730535846,24.186966566745898,,68.9655172413793,3.7176549240322245,3.2679982340321243,0.4496566900001002,26.7,39.80845448355255,13.591545516447448,98.19067028878317,0.7021596064833585,6236675.0,1.0025213755727211,2.142857142857143,6.696428571428571,0.03448275862068929,0.1525198938992042,0.42021937749074195,1,0,0,1,0,0,0,0,2,False,False
2025-08-13,32.0,35.0,32.0,35.0,3492200,28.89256133419559,24.611007093540177,,70.96774193548387,3.789047176783761,3.372208022582452,0.416839154201309,27.5,40.58273269377781,14.417267306222195,95.1471468638386,0.786637362986367,6385665.0,0.5468811783894082,2.2857142857142856,6.530612244897958,0.09677419354838701,0.0437523173896921,0.19455822130291353,1,0,-1,1,0,0,0,0,1,False,False
2025-08-14,38.0,38.0,38.0,38.0,5029500,29.759936445224582,25.136065638891544,,72.72727272727272,4.04111749245196,3.505989916556354,0.535127575895606,28.45,41.6922767958098,15.207723204190197,93.09157677194942,0.8605875389578727,6596730.0,0.7624232005857448,2.4285714285714284,6.390977443609022,0.15151515151515116,0.09425736789474248,0.09684319306121299,1,0,-1,1,0,0,0,0,1,False,False
2025-08-15,41.0,41.0,41.0,41.0,5683900,30.83041868853653,25.758180711876193,,74.28571428571428,4.431872098830723,3.691166353011228,0.7407057458194952,29.55,43.13753298548267,15.962467014517328,91.9629982096966,0.9213421234095079,6853605.0,0.8293299657625439,2.5,6.097560975609756,0.19999999999999965,0.14942978168784593,0.09581315565742692,1,0,-1,1,0,0,0,0,1,False,False
2025-08-19,45.0,45.0,45.0,45.0,5220900,32.17990262296162,26.512761860430068,,76.31578947368422,5.00660152435448,3.954253387279879,1.0523481370746008,30.85,45.14427563010713,16.555724369892875,92.66953406876581,0.9949533773574628,7016475.0,0.7440915844494564,2.7142857142857144,6.031746031746032,0.2631578947368423,0.20489101541733104,0.1495260549999732,1,0,-1,1,-1,0,0,0,0,False,False
2025-08-20,49.0,49.0,49.0,49.0,11760600,33.781816658870035,27.394614336491635,,78.04878048780488,5.718921142364778,4.307186938296859,1.411734204067919,32.3,47.793292266757206,16.806707733242785,95.93369824617469,1.0389429087267634,7385615.0,1.5923657000804943,2.9285714285714284,5.97667638483965,0.31707317073170715,0.2600770218228497,0.20479927297600897,1,0,-1,1,-1,1,0,0,1,False,False
2025-08-21,53.0,53.0,53.0,53.0,11768200,35.61211983421575,28.398747107609612,,79.06976744186046,6.530921741747605,4.751933898987008,1.7789878427605972,33.9,51.005246963555116,16.79475303644488,100.91591128941073,1.058308220883772,7687340.0,1.5308546259174174,3.0714285714285716,5.795148247978437,0.3488372093023254,0.309689424923625,0.258219154054602,1,0,-1,1,-1,1,0,0,1,False,False
2025-08-22,58.0,58.0,58.0,58.0,14130200,37.74429889762377,29.55958055437002,,80.43478260869566,7.491538487796852,5.299854816748977,2.1916836710478753,35.7,54.97201407003925,16.42798592996076,107.96646537837114,1.078559145893011,8320540.0,1.698231124422213,3.2857142857142856,5.665024630541872,0.391304347826087,0.35240490928670654,0.30739045201106047,1,0,-1,1,-1,1,0,0,1,False,False
2025-08-25,63.0,63.0,63.0,63.0,8411600,40.14960376451675,30.87096955223786,,81.25,8.557645186407555,5.951412890680692,2.606232295726863,37.7,59.552134666290286,15.847865333709724,115.92644385299884,1.078890812873959,8657395.0,0.9716086651931672,3.4285714285714284,5.442176870748299,0.4166666666666666,0.3856027412650263,0.349232358491786,1,0,-1,1,-1,0,0,0,0,False,False
2025-08-26,69.0,69.0,57.0,57.0,49710100,41.75440340599135,31.895637412934413,,70.58823529411765,8.81675846667055,6.524482005878665,2.292276460791885,39.35,61.82126820490654,16.878731795093465,114.21229074920728,0.8927237181065324,10782675.0,4.610182538192054,4.071428571428571,7.142857142857142,0.08496732026143795,0.2976461115847305,0.34521792071215446,1,0,-1,1,0,1,0,0,2,False,False
2025-08-27,52.0,62.0,52.0,62.0,59638100,43.6825554625636,33.07620065164287,,71.69811320754718,9.318151965831923,7.083215997869316,2.234935967962607,41.2,64.76268236003705,17.63731763996295,114.38195320406332,0.9413758943522782,13319885.0,4.477373490837196,4.571428571428571,7.373271889400922,0.2011044638748278,0.23424615026764414,0.30583166770580034,1,0,-1,1,0,1,0,0,2,False,False
2025-08-28,66.0,68.0,66.0,68.0,48495600,45.99850256136706,34.44576141040197,,78.57142857142857,10.083424343057139,7.683257666906881,2.400166676150258,43.3,68.5824049488968,18.017595051103196,116.77785195795288,0.9884820105113812,15461810.0,3.13647625989454,4.785714285714286,7.03781512605042,0.7999999999999998,0.3620239280454219,0.29797206329926557,1,0,-1,1,-1,1,0,0,1,False,False
2025-08-29,62.0,62.0,62.0,62.0,27249100,47.522454698379725,35.52631978646464,,74.57627118644068,10.089453421019265,8.164496817729358,1.9249566032899068,45.0,70.52192040291312,19.478079597086875,113.43075734628056,0.8330470382248271,16497215.0,1.6517393996501835,5.0,8.064516129032258,0.5016949152542372,0.5009331263763549,0.36573440156314047,1,0,-1,1,0,1,0,0,2,False,False
2025-09-01,60.0,68.0,60.0,68.0,26570400,49.472697108057844,36.7997974418974,,80.64516129032258,10.457830010066289,8.623163456196744,1.8346665538695444,46.9,73.3606957779389,20.4393042220611,112.83878796562432,0.8987045574514281,17138435.0,1.5503399231026638,5.357142857142857,7.878151260504201,0.9507640067911711,0.7508196406818026,0.5379255650345266,1,0,-1,1,0,1,0,0,2,False,False
2025-09-02,68.0,70.0,68.0,70.0,6635500,51.427678335861856,38.10176616966613,,80.64516129032258,10.78681075635594,9.055892916228585,1.730917840127356,48.75,76.27128362979425,21.22871637020575,112.907830276079,0.8860648414123201,17090110.0,0.38826549390261383,5.357142857142857,7.653061224489795,0.9432703003337037,0.7985764074597039,0.6834430581726205,1,0,-1,1,0,0,0,0,1,False,False
2025-09-03,70.0,70.0,64.0,64.0,12114300,52.62504230387501,39.117383182620394,,72.3076923076923,10.443000107365144,9.333314354455897,1.1096857529092468,50.15,77.78883613971284,22.51116386028715,110.22467054720974,0.7505532420031905,16800950.0,0.7210485121377065,5.571428571428571,8.705357142857142,0.16127320954907112,0.6851025055579821,0.7448328512331629,1,0,-1,1,0,0,0,0,1,False,False
2025-09-04,64.0,64.0,61.0,61.0,5025400,53.42265732255358,39.975525018596066,,67.6923076923077,9.81530800223144,9.429713084011006,0.3855949182204341,51.25,78.77128362979425,23.728716370205742,107.40013123822148,0.6771356331185939,16557455.0,0.30351282851138656,5.571428571428571,9.133489461358312,0.0,0.368181169960925,0.6172866943262038,1,0,0,1,0,0,0,0,2,False,False
2025-09-08,58.0,58.0,56.0,56.0,16178200,53.66811852992944,40.60393580218054,,61.19402985074626,8.812810677671067,9.30633260274302,-0.4935219250719527,52.25,78.87705391138874,25.622946088611258,101.92173745986122,0.5704171030801886,16587935.0,0.9752992159663032,5.714285714285714,10.204081632653061,0.0,0.05375773651635704,0.36901380401175476,1,0,0,-1,0,0,0,-1,0,False,False
2025-09-09,56.0,56.0,53.0,53.0,7427800,53.60448819374568,41.09005596680091,,56.060606060606055,7.687631170648871,8.98259231632419,-1.2949611456753196,53.25,78.28786606007205,28.212133939927952,94.03893355895605,0.4950075617586541,16778405.0,0.44270000634744483,5.642857142857143,10.64690026954178,0.0,0.0,0.1406463021590941,1,0,0,-1,0,0,0,0,0,False,False
2025-09-10,58.0,58.0,58.0,58.0,3353900,54.0231083657699,41.753191026926366,,56.71641791044776,7.1173323412651115,8.609540321312375,-1.4922079800472634,54.65,77.22408854603466,32.07591145396534,82.61331581348459,0.5742001165001289,16707395.0,0.20074344324773552,5.714285714285714,9.852216748768473,0.02603523734709924,0.00867841244903308,0.020812049655130112,1,0,0,-1,0,0,0,0,0,False,False
2025-09-11,63.0,63.0,63.0,63.0,13835600,54.87805042617277,42.58639922194886,,57.35294117647059,6.988268217488496,8.2852859005476,-1.297017683059103,56.2,76.3530982337966,36.046901766203405,71.71921079642917,0.6687085509412257,17086555.0,0.8097360761136461,5.785714285714286,9.183673469387756,0.051304732419283655,0.02577998992212763,0.011486134123720312,1,0,0,-1,0,0,0,0,0,False,False
2025-09-12,68.0,68.0,68.0,68.0,13013900,56.127759909394406,43.58301101716655,,57.35294117647059,7.206371616609509,8.069503043759982,-0.8631314271504724,57.85,75.99880016332827,39.701199836671734,62.74433937192141,0.7796328106722239,17562640.0,0.7409990753098623,5.785714285714286,8.508403361344538,0.051304732419283655,0.04288156739522218,0.0257799899221277,1,0,0,-1,0,0,0,0,0,False,False
2025-09-15,70.0,73.0,70.0,73.0,13994900,57.734639918023504,44.736618428258055,,57.35294117647059,7.693986853908207,7.9943998057896275,-0.3004129518814205,59.6,76.38846721946203,42.81153278053798,56.33713832034236,0.8990834846574335,18010910.0,0.7770234818784837,5.785714285714286,7.925636007827788,0.052566951233773994,0.05172547202411377,0.04012900978048793,1,0,0,-1,0,0,0,0,0,False,False
2025-09-16,78.0,80.0,66.0,66.0,35303500,58.52181706868793,45.57047652911068,,56.52173913043478,7.429936263713074,7.8815070973743175,-0.4515708336612434,60.85,75.3780128680677,46.3219871319323,47.75024771756022,0.6772437857389155,19491890.0,1.8111891663661144,5.928571428571429,8.982683982683982,0.018757023078917964,0.040876235577325205,0.04516109166555379,1,0,0,-1,0,1,0,0,1,False,False
2025-09-17,66.0,70.0,66.0,70.0,9358100,59.61497734786051,46.52849705738085,,55.88235294117647,7.457475701438106,7.796700818187076,-0.3392251167489695,62.1,75.10849924593852,49.091500754061485,41.895327684182014,0.8036476326224379,19698750.0,0.4750606002918967,5.5,7.857142857142857,0.0,0.023774658104230652,0.03879212190188995,1,0,0,-1,0,0,0,0,0,False,False
2025-09-18,72.0,72.0,63.0,65.0,14405500,60.12783664806427,47.25286972179728,,47.76119402985074,6.995206307046736,7.636401915959008,-0.6411956089122723,62.9,74.39645254209469,51.403547457905304,36.55469806707375,0.5913325215891934,19830995.0,0.7264133746188731,5.714285714285714,8.791208791208792,0.0,0.006252341026305988,0.023634411569287358,1,0,0,-1,0,0,0,0,0,False,False
2025-09-19,65.0,65.0,65.0,65.0,7225700,60.59185220539148,47.94883561506013,,52.45901639344261,6.553311980306518,7.419783928828511,-0.8664719485219932,63.5,74.03315567249705,52.96684432750295,33.17529345668362,0.5712037326058244,19603870.0,0.36858538645685773,5.285714285714286,8.131868131868131,0.142860571730312,0.047620190576770666,0.025882396569102507,1,0,0,-1,0,0,0,0,0,False,False
2025-09-22,70.0,70.0,70.0,70.0,8709900,61.487866281068484,48.813587159567575,,51.66666666666666,6.53127725730144,7.242082594523097,-0.7108053372216574,64.1,74.68101577056032,53.51898422943967,33.01408976773894,0.7788012100131085,19332855.0,0.45052321553128083,5.071428571428571,7.244897959183673,0.11876525134211795,0.08720860769080997,0.04702704643129562,1,0,0,-1,0,0,0,0,0,False,False
2025-09-23,74.0,74.0,65.0,66.0,16426000,61.917593301919105,49.48756413370218,,46.7741935483871,6.1204947562883305,7.017765026876145,-0.8972702705878142,64.25,74.85039721202162,53.649602787978374,32.9973454070712,0.5825440766509851,19733575.0,0.8323884547022017,5.571428571428571,8.441558441558442,0.0,0.08720860769080997,0.07401246865279694,1,0,0,-1,0,0,0,0,0,False,False
2025-09-24,66.0,66.0,63.0,64.0,12315500,62.11591774935538,50.05667926571386,,50.0,5.5693632269329,6.728084666887496,-1.1587214399545962,64.6,74.63992031840912,54.56007968159087,31.08334463903755,0.47011928476664094,17863845.0,0.6894092509199448,5.357142857142857,8.370535714285714,0.15421115065243152,0.09099213399818314,0.0884697831266011,1,0,0,-1,0,0,0,0,0,False,False
2025-09-25,64.0,64.0,62.0,62.0,7670600,62.10487796370249,50.52504478470547,,50.87719298245614,4.914552333826116,6.365378200275221,-1.4508258664491054,64.6,74.63992031840912,54.56007968159087,31.08334463903755,0.3705169006554436,15265470.0,0.5024804346017515,5.285714285714286,8.525345622119815,0.2845385584160732,0.1462499030228349,0.10815021490394273,1,0,0,-1,0,0,0,0,0,False,False
2025-09-26,62.0,62.0,60.0,60.0,6898900,61.90441339573083,50.896611655893494,,53.70370370370371,4.185973402374081,5.929497240694993,-1.743523838320912,64.2,74.30679812903459,54.093201870965416,31.48535242689902,0.2922190615475768,13185635.0,0.5232133302643369,5.071428571428571,8.45238095238095,0.6550406909151308,0.3645967999945452,0.20061294567185448,1,0,0,-1,0,0,0,0,0,False,False
2025-09-29,61.0,66.0,61.0,66.0,15734500,62.29446926280408,51.48890139487806,,61.40350877192982,4.046078531266367,5.552813498809268,-1.5067349675429007,64.4,74.4817709388362,54.318229061163805,31.309847636137267,0.5793511382924106,12609905.0,1.2477889405193774,5.285714285714286,8.008658008658008,1.0,0.6465264164437347,0.38579103982037166,1,0,0,-1,0,0,0,0,0,False,False
2025-09-30,67.0,67.0,64.0,64.0,6554200,62.45690076158464,51.979532712725984,,55.55555555555556,3.730820970925386,5.188414993232492,-1.4575940223071058,64.2,74.13875985062651,54.2612401493735,30.961868693540517,0.4899383825041613,11609095.0,0.5645745857019863,5.142857142857143,8.035714285714286,0.6002578981302386,0.7517661963484565,0.5876298042622455,1,0,0,-1,0,0,0,0,0,False,False
2025-10-01,64.0,66.0,64.0,66.0,8805000,62.794338784290865,52.52935495928575,,52.94117647058823,3.6008519880835834,4.87090239220271,-1.270050404119127,64.0,73.60263121835852,54.397368781641475,30.008222557370388,0.6041381239433811,11717570.0,0.7514356645618503,4.928571428571429,7.467532467532467,0.4215496643531683,0.6739358541611357,0.6907428223177757,1,0,0,-1,0,0,0,0,0,False,False
2025-10-02,66.0,66.0,60.0,60.0,12595000,62.52821128102507,52.82232143147062,,42.30769230769231,2.9793566085000194,4.492593235462173,-1.5132366269621533,63.8,73.56783119816235,54.03216880183764,30.620160495806758,0.3054839440348386,11741605.0,1.0726812901643343,5.0,8.333333333333332,0.0,0.3406025208278023,0.5887681904457982,1,0,0,-1,0,0,0,0,0,False,False
2025-10-03,60.0,62.0,60.0,62.0,16107000,62.47790544473697,53.18223039494236,,38.775510204081634,2.6180214067351173,4.1176788697167614,-1.4996574629816442,63.85,73.56759121116816,54.13240878883184,30.43881350405063,0.4048118016183966,12295685.0,1.3099717502522226,4.785714285714286,7.71889400921659,0.0,0.1405165547843894,0.38501830992444247,1,0,0,-1,0,0,0,0,0,False,False
2025-10-06,64.0,65.0,63.0,63.0,12739600,62.5276287357144,53.56724096768972,,46.51162790697675,2.3848611044209065,3.771115316657591,-1.3862542122366843,64.2,73.20526161985923,55.19473838014078,28.053774516695405,0.43337228552285184,12123755.0,1.0507965560175045,4.0,6.349206349206349,0.3418825434206655,0.11396084780688846,0.19835997447302678,1,0,0,-1,0,0,0,0,0,False,False
2025-10-07,64.0,64.0,62.0,63.0,7570800,62.57261647517017,53.93715308660385,,41.02564102564102,2.1750077495659426,3.4518938032392614,-1.2768860536733189,64.7,72.04417062065333,57.35582937934667,22.70222757543533,0.3842619481620395,12130905.0,0.6240919370813637,3.857142857142857,6.122448979591836,0.09944011684517993,0.14710755342194845,0.13386165200440883,1,0,0,-1,0,0,0,0,0,False,False
2025-10-08,66.0,69.0,66.0,69.0,30262600,63.18474823943968,54.52785296556056,,55.0,2.4644387934879433,3.254402801288998,-0.7899640078010548,65.25,72.11332741153292,58.38667258846708,21.037018885924663,0.7731911050679745,13476340.0,2.245609713022972,3.642857142857143,5.279503105590062,0.7170094936708862,0.3861107179789105,0.21572637306924922,1,0,0,-1,0,1,0,0,1,False,False
2025-10-09,71.0,73.0,71.0,73.0,39795100,64.1195341213978,55.25225088847976,,59.09090909090909,2.982204553899912,3.199963151811181,-0.21775859791126884,65.75,73.34154654516277,58.15845345483722,23.092156791369657,0.9775048112310923,14774315.0,2.693532661243516,3.9285714285714284,5.38160469667319,0.8977991944764099,0.5714162683308253,0.36821151324389484,1,0,0,-1,-1,1,0,0,0,False,False
2025-10-10,76.0,76.0,76.0,76.0,15621400,65.25100706221706,56.06588810853938,,57.14285714285714,3.593192490930363,3.2786090196350175,0.3145834712953457,66.15,74.98235678150482,57.3176432184952,26.704026550279092,1.0576088151594008,14904690.0,1.0480862064222738,3.7857142857142856,4.981203007518797,0.8117088607594936,0.8088391829689298,0.5887887230928887,1,0,0,1,-1,0,0,1,1,False,False
2025-10-13,76.0,76.0,73.0,73.0,33645200,65.98900638962496,56.729970927812346,,58.53658536585366,3.791622441698607,3.3812117040477356,0.4104107376508712,66.15,74.98235678150482,57.3176432184952,26.704026550279092,0.8877787191717659,15887205.0,2.1177545074794466,3.357142857142857,4.598825831702544,0.8733019450447671,0.8609366667602235,0.7470640393533262,1,0,0,1,0,1,0,0,3,False,False
2025-10-14,70.0,70.0,67.0,67.0,11485800,66.08529149537497,57.13271716593735,,53.33333333333333,3.4252456516543646,3.3900184935690616,0.03522715808530297,66.2,75.04010002324958,57.35989997675043,26.707250825527417,0.5452483568000355,14696320.0,0.7815425902538867,3.5714285714285716,5.3304904051172715,0.6433544303797467,0.776121745394669,0.8152991983746075,1,0,0,1,0,0,0,0,2,False,False
2025-10-15,67.0,67.0,65.0,65.0,5337300,65.98193040057735,57.441238061390784,,53.33333333333333,2.9396200110025745,3.2999387970557645,-0.36031878605319,65.95,74.6187581821768,57.28124181782321,26.28888000660136,0.4452055311709333,14495280.0,0.36820951371756877,3.5714285714285716,5.494505494505495,0.6433544303797467,0.7200036019347534,0.7856873380298821,1,0,0,-1,0,0,0,-1,0,False,False
2025-10-16,65.0,65.0,65.0,65.0,4629400,65.88841321957,57.73766009819899,,55.81395348837209,2.52564413857165,3.145079865358942,-0.6194357267872919,65.95,74.6187581821768,57.28124181782321,26.28888000660136,0.4452055311709333,14006475.0,0.3305185637357008,3.4285714285714284,5.274725274725275,0.7529805710921402,0.6798964772838779,0.7253406082044336,1,0,0,-1,0,0,0,0,0,False,False
2025-10-17,65.0,65.0,60.0,60.0,11037000,65.32761196056333,57.82637931003432,,42.857142857142854,1.7736613993329229,2.870796172153738,-1.097134772820815,65.7,74.76351854530331,56.63648145469669,27.590619620405814,0.18555258250374923,14197040.0,0.7774155739506263,3.357142857142857,5.595238095238096,0.2009132420091322,0.5324160811603397,0.6441053867929905,1,0,0,-1,0,0,0,0,0,False,False
2025-10-20,60.0,62.0,60.0,60.0,10977200,64.82022034527158,57.9116193370918,,45.00000000000001,1.1642884680281327,2.5294946313286166,-1.365206163300484,65.2,74.36744813255916,56.03255186744085,28.121006541592497,0.21638781453632336,14310405.0,0.7670782203578446,3.2857142857142856,5.476190476190476,0.3063926940639272,0.4200955023883998,0.5441360202775393,1,0,0,-1,0,0,0,0,0,False,False
2025-10-21,60.0,66.0,60.0,66.0,7767900,64.93258031238858,58.22881073563722,,50.0,1.1522237672277669,2.2540404585084466,-1.1018166912806797,65.2,74.36744813255916,56.03255186744085,28.121006541592497,0.5436326439174883,13877500.0,0.5597477931904161,3.5714285714285716,5.411255411255411,0.5525114155251141,0.3532724505327245,0.4352613446938214,1,0,0,-1,0,0,0,0,0,False,False
2025-10-22,72.0,72.0,65.0,65.0,9669500,64.93900123501824,58.4943475695338,,56.41025641025641,1.0498685313616392,2.0132060730790853,-0.9633375417174461,65.25,74.40078368803829,56.09921631196171,28.04837912042387,0.48633996778184174,13745200.0,0.7034819427873003,3.642857142857143,5.604395604395605,0.8680482379112514,0.5756507825000975,0.4496729118070741,1,0,0,-1,0,0,0,0,0,False,False
2025-10-23,64.0,65.0,63.0,65.0,5865400,64.94481064120697,58.749471194257964,,54.054054054054056,0.9577113690008474,1.8021071322634379,-0.8443957632625905,65.4,74.42394475533693,56.37605524466308,27.596161331305584,0.4778367437498197,13654940.0,0.42954417961558233,3.642857142857143,5.604395604395605,0.7211857018308632,0.7139151184224094,0.5476127838184105,1,0,0,-1,0,0,0,0,0,False,False
2025-10-24,68.0,68.0,65.0,65.0,3185600,64.95006677061582,58.99458997095373,,52.777777777777786,0.8745943743421094,1.6166045806791722,-0.7420102063370628,65.65,74.31389969325254,56.986100306747474,26.394210794371766,0.46248802369525194,13469275.0,0.23650864653071527,3.642857142857143,5.604395604395605,0.6505376344086026,0.7465905247169057,0.6787188085464709,1,0,0,-1,0,0,0,0,0,False,False
2025-10-27,66.0,66.0,65.0,66.0,7125100,65.05006041150955,59.269311932877116,,54.054054054054056,0.8792794141468931,1.4691395473727165,-0.5898601332258233,65.65,74.31389969325254,56.986100306747474,26.394210794371766,0.5201987564717869,13038805.0,0.5464534518309001,3.5714285714285716,5.411255411255411,0.6897297297297298,0.6871510219897318,0.7158855550430158,1,0,0,-1,0,0,0,0,0,False,False
2025-10-28,68.0,68.0,66.0,66.0,7116400,65.14053084850865,59.533260484528995,,45.16129032258065,0.8729297511546577,1.3498975881291047,-0.476967836974447,65.75,74.37981368341929,57.120186316580714,26.250383827891365,0.5144846696099785,13066915.0,0.5446120985710858,3.2857142857142856,4.978354978354979,0.14193548387096805,0.4940676160031001,0.6426030542365794,1,0,0,-1,0,0,0,0,0,False,False
2025-10-29,67.0,67.0,66.0,66.0,4264000,65.2223850534126,59.78685811258668,,37.037037037037045,0.8580070265749384,1.2515194758182715,-0.39351244924333306,65.75,74.37981368341929,57.120186316580714,26.250383827891365,0.5144846696099785,12839865.0,0.3320907190223573,3.0714285714285716,4.653679653679655,0.0,0.27722173786689924,0.48614679195324384,1,0,0,-1,0,0,0,0,0,False,False
2025-10-30,65.0,65.0,65.0,65.0,2435700,65.20120552451615,59.99129504934798,,28.0,0.7567654956184526,1.152568679778308,-0.39580318415985527,66.0,74.2078268166815,57.792173183318496,24.872202474792434,0.439082535344946,12331900.0,0.19751214330314062,2.9285714285714284,4.5054945054945055,0.0,0.047311827956989315,0.27286706060899635,1,0,1,-1,0,0,0,0,1,False,False
2025-10-31,65.0,68.0,65.0,68.0,5967900,65.46775737932414,60.30536191015786,,40.0,0.9081373389361005,1.1036824116098665,-0.19554507267376597,66.3,74.32889518518839,58.27110481481161,24.21989497794386,0.605867616950346,11824945.0,0.5046873368121374,2.9285714285714284,4.30672268907563,0.4223826714801444,0.14079422382671478,0.15510926321686788,1,0,0,-1,0,0,0,0,0,False,False
2025-11-03,68.0,68.0,65.0,65.0,6268800,65.42320905748375,60.48946536466148,,45.45454545454546,0.7770681296956781,1.0383595552270288,-0.26129142553135076,66.4,74.30469547334496,58.49530452665505,23.80932371489445,0.41144503891890094,11501405.0,0.5450464530203049,2.7142857142857144,4.175824175824176,0.6143747948802103,0.3455858221201182,0.17789729130127419,1,0,0,-1,0,0,0,0,0,False,False
2025-11-04,67.0,69.0,67.0,69.0,10932700,65.76385581391386,60.82321182094926,,58.33333333333333,0.9846114201233149,1.027609928206286,-0.04299850808297112,66.7,74.51631222777786,58.883687772222146,23.43721807429642,0.6471282065617968,11669500.0,0.9368610480311924,2.857142857142857,4.140786749482402,1.0,0.6789191554534515,0.38843306713342823,1,0,0,-1,0,0,0,0,0,False,False
2025-11-05,68.0,68.0,68.0,68.0,3863000,65.97682192687445,61.10465449463752,,55.99999999999999,1.056223839459804,1.0333327104569898,0.022891129002814203,66.65,74.41700172457031,58.8829982754297,23.30683188168134,0.5869061220708484,10349520.0,0.3732540253074539,2.9285714285714284,4.30672268907563,0.923076923076923,0.8458172393190444,0.6234407389642048,1,0,0,1,0,0,0,1,2,True,False
2025-11-06,67.0,68.0,67.0,68.0,1381600,66.1695055528864,61.37506020073017,,70.0,1.1002936968948376,1.0467249077445595,0.05356878915027807,66.4,73.60818248498515,59.19181751501487,21.711393027063675,0.6109849815354175,8428845.0,0.16391332383025195,2.642857142857143,3.8865546218487395,1.0,0.9743589743589743,0.8330317897104901,1,0,0,1,0,0,0,0,2,False,False
2025-11-07,68.0,68.0,67.0,67.0,3211800,66.24860026213533,61.595646075211334,,66.66666666666666,1.0425103236955522,1.045881990934758,-0.0033716672392059,65.95,71.58728191315865,60.312718086841365,17.09562369418845,0.5931299885454606,7808365.0,0.4113281077408651,2.5714285714285716,3.8379530916844353,0.9206349206349204,0.9479039479039478,0.922693387193989,1,0,0,-1,0,0,0,-1,0,False,False
2025-11-10,67.0,68.0,67.0,68.0,3809800,66.41540023717006,61.84679720951677,,56.25,1.0651300703491557,1.0497316068176377,0.01539846353151808,65.7,70.38367826662632,61.01632173337369,14.257772501145558,0.7455335175762086,6316595.0,0.6031414076729631,2.2142857142857144,3.256302521008404,0.6726190476190477,0.8644179894179893,0.9288936372269706,1,0,0,1,0,0,0,1,2,True,False
2025-11-11,73.0,73.0,71.0,71.0,11253300,66.852028786011,62.20574633855533,,66.66666666666666,1.3100300989769096,1.101791305249492,0.2082387937274175,65.9,71.1274578706555,60.67254212934451,15.864819030820938,0.9878088093860121,6304970.0,1.784830062633129,2.0714285714285716,2.9175050301810868,0.9206349206349204,0.8379629629629628,0.8834283000949666,1,0,0,1,-1,1,0,0,2,False,False
2025-11-12,70.0,70.0,69.0,69.0,8357500,67.05659747305758,62.47218765861198,,60.0,1.327430063298067,1.1469190568592071,0.18051100643885976,66.1,71.48614206234795,60.71385793765204,16.29695026429034,0.7692093864616543,6455980.0,1.2945362284269777,2.0714285714285716,3.0020703933747415,0.7619047619047619,0.7850529100529099,0.8291446208112875,1,0,0,1,0,0,0,0,2,False,False
2025-11-13,69.0,72.0,69.0,71.0,3084300,67.43215961848067,62.80661167199975,,63.63636363636363,1.4854792653924562,1.214631098565857,0.2708481668265992,66.4,72.18200475158685,60.617995248413166,17.41567696261096,0.8977859062410446,6378725.0,0.48352923193898467,2.0714285714285716,2.9175050301810868,0.8484848484848484,0.8436748436748435,0.8222302388969055,1,0,0,1,0,0,0,0,2,False,False
2025-11-14,72.0,72.0,71.0,72.0,6240700,67.86719203576823,63.167136704470344,,63.63636363636363,1.672150528966199,1.3061349846459254,0.3660155443202737,67.0,72.46760796346167,61.532392036538326,16.321217801378133,0.9572383420147756,6138910.0,1.016581119449544,2.0714285714285716,2.876984126984127,0.8484848484848484,0.8196248196248196,0.8161175244508577,1,0,0,1,-1,0,0,0,1,False,False
2025-11-17,73.0,74.0,73.0,74.0,10266800,68.45126898474268,63.591954872922486,,66.66666666666666,1.9588912565072576,1.436686239018192,0.5222050174890656,67.7,72.97556432501516,62.42443567498485,15.585123559867514,1.0970925205221436,6103390.0,1.6821471346251837,2.0714285714285716,2.7992277992277996,0.9206349206349204,0.8725348725348724,0.8452781786115119,1,0,0,1,-1,1,0,0,2,False,False
2025-11-18,74.0,81.0,74.0,81.0,15962500,69.64638622429099,64.27462330927847,,74.19354838709677,2.7196266839937664,1.693274328013307,1.0263523559804595,68.45,76.3300213732013,60.5699786267987,23.024167635358076,1.2963176370739646,6513120.0,2.45082234013806,2.5,3.0864197530864197,1.0,0.9230399230399229,0.8717332050665384,1,0,-1,1,-1,1,0,0,1,False,False
2025-11-19,89.0,89.0,89.0,89.0,20678200,71.48958753626329,65.24424592460088,,81.57894736842105,3.922828210554499,2.1391851045215455,1.7836431060329536,69.65,81.58447019969351,57.7155298003065,34.26983546214933,1.3106769582656852,7063555.0,2.9274494217147033,3.0,3.3707865168539324,1.0,0.9735449735449734,0.9230399230399229,1,0,-1,1,-1,1,0,0,1,False,False
2025-11-20,97.0,97.0,83.0,83.0,59725200,72.5858172947144,65.94055000598908,,68.29268292682927,4.342170395631371,2.579782162743511,1.7623882328878597,70.55,83.66447573043673,57.43552426956326,37.17781922164915,0.9746663250558089,9756545.0,6.12155225030992,3.7857142857142856,4.561101549053356,0.632208043934744,0.8774026813115813,0.9246625259654926,1,0,0,1,-1,1,0,0,2,False,False
2025-11-21,82.0,82.0,78.0,82.0,20460200,73.48240612378922,66.5703323586954,,71.7948717948718,4.541459339544787,2.972117598103766,1.5693417414410207,71.4,85.18633953936796,57.61366046063205,38.617197589265984,0.8844385222680348,10620275.0,1.9265226182937825,3.9285714285714284,4.790940766550522,0.6174949878653583,0.749901010600034,0.8669495551521963,1,0,-1,1,0,1,0,0,2,False,False
2025-11-24,90.0,90.0,90.0,90.0,11111300,75.05551030247595,67.48914285443283,,74.4186046511628,5.284019516804065,3.434497981843826,1.849521534960239,72.6,88.43334256694108,56.7666574330589,43.618023600388675,1.0494733637712732,10819585.0,1.026961755002618,4.214285714285714,4.682539682539683,0.720068906115418,0.65659064597184,0.7612981126278185,1,0,-1,1,-1,0,0,0,0,False,False
2025-11-25,95.0,99.0,95.0,99.0,48176200,77.33593789271634,68.72486274249428,,80.3921568627451,6.523529404778685,4.052304266430799,2.4712251383478865,74.25,93.66106575343593,54.838934246564065,52.28569899915403,1.1375229550602863,12872575.0,3.7425456833617208,4.785714285714286,4.834054834054833,0.9531448943213647,0.7635695961007136,0.7233537508908626,1,0,-1,1,-1,1,0,0,1,False,False
2025-11-26,105.0,108.0,105.0,108.0,39594200,80.2563247600767,70.26506420357293,,83.33333333333333,8.138261887895226,4.869495790723684,3.2687660971715413,76.35,100.50977518194462,52.19022481805537,63.28690289965848,1.1550143733053664,14639085.0,2.7046909011048164,5.357142857142857,4.9603174603174605,1.0,0.8910712668122608,0.7704105029616048,1,0,-1,1,-1,1,0,0,1,False,False
2025-11-27,102.0,102.0,98.0,100.0,27218000,82.13667478292653,71.43114011715831,,74.6268656716418,8.672445321813953,5.630085696941738,3.0423596248722147,78.1,103.81831213255197,52.38168786744802,65.85995424469135,0.9257666655402498,15878200.0,1.714174150722374,6.0,6.0,0.6785304247990818,0.877225106373482,0.8439553230954856,1,0,-1,1,0,1,0,0,2,False,False
2025-11-28,109.0,127.0,85.0,117.0,577683400,85.45699147026686,73.21815423021093,,79.51807228915663,10.348259176629881,6.573720392879368,3.774538783750513,80.55,111.09918381199321,50.00081618800678,75.85148060085218,1.0965789499372844,44463975.0,12.9921672545021,8.928571428571429,7.631257631257632,0.8364888123924273,0.838339745730503,0.8688787063054152,1,0,-1,1,-1,1,0,0,1,False,False
2025-12-01,120.0,129.0,108.0,123.0,247943600,89.0325160921462,75.17038347608502,,80.23255813953489,12.021922348618077,7.663360784027111,4.358561564590966,83.45,118.46864165209576,48.43135834790425,83.92724182647274,1.064699230668661,56547715.0,4.38467938094404,10.071428571428571,8.188153310104529,0.8671096345514954,0.794042957247668,0.836535936450551,1,0,-1,1,-1,1,0,0,1,False,False
2025-12-02,125.0,134.0,120.0,128.0,270450500,92.74370503575132,77.24213314368953,,83.14606741573034,13.595055348339685,8.849699696889626,4.745355651450058,86.4,125.9415837076016,46.85841629239842,91.53144376759627,1.0260285008766947,69523605.0,3.890052882039129,10.928571428571429,8.537946428571429,0.9904926534140023,0.8980303667859749,0.8434710232547152,1,0,-1,1,-1,1,0,0,1,False,False
2025-12-03,128.0,128.0,128.0,128.0,0,96.10144741329881,79.23263772628994,,82.75862068965517,14.672637552129089,10.014287267937519,4.65835028419157,89.4,132.04615735142036,46.75384264857964,95.40527371682406,0.9525612903634142,69330455.0,0.0,10.714285714285714,8.370535714285714,0.9708222811671091,0.942808189710869,0.8782938379148374,1,0,-1,1,-1,0,0,0,0,False,False
2025-12-04,132.0,137.0,125.0,128.0,166025300,99.13940480250845,81.14508330565111,,82.55813953488372,15.349687568748962,11.081367328099807,4.268320240649155,92.4,137.09969975172916,47.70030024827084,96.75259686521461,0.898212965609717,77562640.0,2.1405318333671985,11.5,8.984375,0.9534883720930236,0.9716011022247116,0.9374798862405186,1,0,-1,1,0,1,0,0,2,False,False
2025-12-05,132.0,172.0,126.0,150.0,1185789600,103.98327101179336,83.8452761171942,,85.84905660377359,17.460200401499577,12.357133942779761,5.103066458719816,96.55,146.43186043042098,46.66813956957901,103.32855604437283,1.035765903063661,136691530.0,8.6749310655898,14.642857142857142,9.761904761904763,1.0,0.9747702177533775,0.963059836562986,1,0,-1,1,-1,1,0,0,1,False,False
2025-12-08,150.0,150.0,150.0,150.0,0,108.36581662971781,86.43957901455913,,84.84848484848484,18.91475945392243,13.668659045008294,5.246100408914135,100.65,154.00985086383324,47.290149136166775,106.03050345520761,0.9624263299192326,136501040.0,0.0,14.142857142857142,9.428571428571427,0.9430080622741168,0.9654988114557135,0.970623377144601,1,0,-1,1,-1,0,0,0,0,False,False
2025-12-09,150.0,150.0,150.0,150.0,0,112.33097695069708,88.93214454339994,,83.51648351648352,19.838818432841506,14.902690922574937,4.936127510266569,104.6,160.36038963844834,48.839610361551664,106.61642378288401,0.9070990204191063,135938375.0,0.0,13.571428571428571,9.047619047619047,0.8671381043595983,0.936715388877905,0.9589948060289988,1,0,-1,1,0,0,0,0,1,False,False
2025-12-10,150.0,150.0,150.0,150.0,0,115.9185029553926,91.32696240444308,,89.41176470588235,20.336712864383898,15.989495310936729,4.3472175534471695,108.65,165.2827968955315,52.01720310446851,104.24813050258904,0.8650711448727922,135520500.0,0.0,12.571428571428571,8.380952380952381,1.0,0.936715388877905,0.9463098630705078,1,0,-1,1,0,0,0,0,1,False,False
2025-12-11,150.0,150.0,150.0,150.0,0,119.16435981678379,93.62786583956296,,90.47619047619048,20.495043682664857,16.890604985282355,3.604438697382502,112.6,169.19607574270213,56.00392425729784,100.5258894186539,0.8304116010624871,135366285.0,0.0,12.214285714285714,8.142857142857142,1.0,0.9557127014531993,0.9430478264030032,1,0,-1,1,0,0,0,0,1,False,False
2025-12-12,150.0,150.0,150.0,150.0,0,122.10108745328057,95.83853776742323,,89.47368421052632,20.385530293196496,17.589590046865183,2.7959402463313126,116.5,172.05651461160488,60.94348538839512,95.37599074953627,0.8014947952926692,135054250.0,0.0,11.642857142857142,7.761904761904762,0.9367476988435209,0.978915899614507,0.9571146633152038,1,0,-1,1,0,0,0,0,1,False,False
2025-12-15,150.0,150.0,150.0,150.0,0,124.75812674344434,97.96251667850467,,88.05970149253731,20.06741546904668,18.085155131301484,1.9822603377451955,120.3,173.98171304820167,66.61828695179832,89.2464057326711,0.7766305163672022,134540910.0,0.0,11.0,7.333333333333333,0.8475336322869953,0.9280937770435053,0.9542407927037373,1,0,-1,1,0,0,0,0,1,False,False
2025-12-16,150.0,150.0,150.0,150.0,0,127.16211467264012,100.00320229895546,,86.20689655172414,19.58949171258689,18.386022447558567,1.2034692650283247,123.75,175.63600866068649,71.86399133931351,83.85617561323069,0.7529583665961318,133742785.0,0.0,10.357142857142858,6.904761904761905,0.7306324416267203,0.8383045909190788,0.9151047558590305,1,0,-1,1,0,0,0,0,1,False,False
2025-12-17,150.0,150.0,150.0,150.0,0,129.33715137048392,101.96386103232975,,100.0,18.991807952254163,18.50717954849769,0.4846284037564743,126.8,177.23641124175427,76.36358875824573,79.55269911948623,0.7299925731114831,132708875.0,0.0,9.642857142857142,6.428571428571428,1.0,0.8593886913045719,0.8752623530890521,1,0,-1,1,0,0,0,0,1,False,False
2025-12-18,150.0,150.0,150.0,150.0,0,131.30504171615212,103.84763118792465,,100.0,18.307106340001965,18.467164906798544,-0.16005856679657882,130.15,177.11818632133648,83.18181367866353,72.17546879959504,0.7113132479099223,129722615.0,0.0,6.642857142857143,4.428571428571429,1.0,0.9102108138755733,0.869301365366408,1,0,-1,-1,0,0,0,-1,-1,False,False
2025-12-19,150.0,150.0,150.0,150.0,0,133.08551393366145,105.65752800408447,,100.0,17.562031215416894,18.286138168522214,-0.7241069531053199,133.55,175.40928809714742,91.6907119028526,62.687065664017084,0.6964916359999086,128699605.0,0.0,5.142857142857143,3.428571428571429,1.0,1.0,0.9231998350600484,1,0,-1,-1,0,0,0,0,-1,False,False
2025-12-22,150.0,150.0,150.0,150.0,0,134.69641736855084,107.39644847451252,,100.0,16.7781457905663,17.98453969293103,-1.2063939023647308,136.55,173.59037626272442,99.50962373727562,54.25174113910567,0.6815586308384156,128144040.0,0.0,4.142857142857143,2.7619047619047623,1.0,1.0,0.9700702712918577,1,0,-1,-1,0,0,0,0,-1,False,False
2025-12-23,150.0,150.0,150.0,150.0,0,136.15390142868887,109.06717598531596,,100.0,15.97278660254301,17.582189074853424,-1.6094024723104141,139.1,172.05227809391835,106.14772190608163,47.37926397400196,0.6653906896654241,125735230.0,0.0,4.142857142857143,2.7619047619047623,1.0,1.0,1.0,1,0,-1,-1,0,0,0,0,-1,False,False
2025-12-24,150.0,150.0,150.0,150.0,0,137.47257748309946,110.67238477020553,,100.0,15.159781123578398,17.09770748459842,-1.937926361020022,141.2,171.0106303893512,111.38936961064877,42.224688936758106,0.6475983547658136,123755520.0,0.0,3.2857142857142856,2.1904761904761902,1.0,1.0,1.0,1,0,-1,-1,0,0,0,0,-1,False,False
2025-12-29,150.0,150.0,150.0,150.0,0,138.66566534185188,112.21464419098177,,,14.35004998053114,16.548175983784965,-2.198126003253826,143.7,166.53211035270016,120.86788964729982,31.77746743590838,0.6379635938746013,122394620.0,0.0,0.0,0.0,,,,1,0,0,-1,0,0,0,0,0,False,False
2025-12-30,150.0,150.0,150.0,150.0,0,139.74512578548504,113.69642285015895,,,13.552111905715975,15.948963168171167,-2.3968512624551916,145.35,164.5363438276725,126.16365617232749,26.40019790529413,0.62117994032019,93510450.0,0.0,0.0,0.0,,,,1,0,0,-1,0,0,0,0,0,False,False
2026-01-02,150.0,150.0,150.0,150.0,0,140.7217804725817,115.12009254230958,51.925,,12.772506725667455,15.313671879670427,-2.5411651540029716,146.7,162.81929213543046,130.58070786456952,21.975858398678216,0.60236181503115,81113270.0,0.0,0.0,0.0,,,,1,1,0,-1,0,0,0,0,1,False,False
2026-01-05,150.0,150.0,150.0,150.0,0,141.60542042757393,116.48793205045429,52.565,,12.016149314225828,14.654167366581508,-2.6380180523556795,147.8,161.34291424752337,134.25708575247666,18.326000334943647,0.581223286206745,67590745.0,0.0,0.0,0.0,,,,1,1,0,-1,0,0,0,0,1,False,False
2026-01-06,135.0,135.0,135.0,135.0,51462600,140.976332767805,117.21389549945609,53.14,0.0,10.090044227606597,13.741342738786525,-3.6512985111799274,148.15,159.76260657987385,136.53739342012616,15.67682292254315,-0.06619501873036272,70163875.0,0.7334629109352926,1.0714285714285714,0.7936507936507936,,,,1,1,1,-1,1,0,0,0,3,False,False
2026-01-07,140.0,148.0,140.0,148.0,63990300,141.64525345658546,118.42119371516368,53.78,46.42857142857143,9.50303831384386,12.893681853797993,-3.3906435399541337,149.15,155.87074557267368,142.42925442732633,9.012062450786026,0.4144440161017353,65062125.0,0.9835261298336013,2.0,1.3513513513513513,,,,1,1,0,-1,0,0,0,0,1,False,False
2026-01-08,145.0,146.0,140.0,146.0,33516300,142.05999122262494,119.5027155302553,54.4,43.33333333333333,8.77529250318824,12.070003983676044,-3.2947114804878037,148.95,155.80104678901293,142.09895321098705,9.199122912404082,0.284704433435565,7448460.0,4.4997623669859275,2.5714285714285716,1.7612524461839534,,,,1,1,0,-1,0,1,0,0,2,False,False
2026-01-09,146.0,146.0,135.0,135.0,17818800,141.38761110618447,120.11045217612765,54.965,31.707317073170742,7.227625073151046,11.101528201571046,-3.8739031284200003,148.2,157.43608483925283,138.96391516074715,12.464352009787909,-0.2145884987922985,8339400.0,2.1367004820490685,3.357142857142857,2.486772486772487,,,,1,1,0,-1,1,1,0,0,3,False,False
2026-01-12,135.0,135.0,124.0,124.0,25777500,139.7316481436907,120.26298346333833,55.485,25.000000000000014,5.055206145650118,9.892263790386862,-4.837057644736744,146.9,161.07039166713406,132.72960833286595,19.292568641435064,-0.30802283161702837,9628275.0,2.6772708506975547,4.142857142857143,3.3410138248847927,,,,1,1,1,-1,1,1,0,0,4,False,False
2026-01-13,128.0,136.0,128.0,136.0,39988100,139.37625308238682,120.88012136673683,56.055,39.0625,4.252824294808647,8.764375891271218,-4.511551596462571,146.2,161.09047735263903,131.30952264736095,20.37001005832974,0.15749922724296533,11627680.0,3.439043730133612,5.0,3.6764705882352944,,,,1,1,0,-1,0,1,0,0,2,False,False
2026-01-14,140.0,145.0,139.0,139.0,26855100,139.34041945549285,121.59070484255108,56.64,41.791044776119406,3.815028550761241,7.774506423169223,-3.959477872407982,145.65,160.76047040265314,130.53952959734687,20.749015314319443,0.27995390537834014,12970435.0,2.0704856853297517,5.642857142857143,4.059609455292909,,,,1,1,0,-1,0,1,0,0,2,False,False
2026-01-15,138.0,147.0,126.0,132.0,168371100,138.64133188830306,121.99891249578437,57.19,37.83783783783784,2.870145519946192,6.793634242524616,-3.9234887225784245,144.75,160.8794108614303,128.6205891385697,22.285887200594544,0.10475927764700226,21388990.0,7.87185837199419,7.142857142857143,5.411255411255411,,,,1,1,0,-1,0,1,0,0,2,False,False
2026-01-19,133.0,138.0,123.0,131.0,183694900,137.91358599417896,122.35189631947911,57.74,37.333333333333336,2.01737225625979,5.838381845271651,-3.8210095890118607,143.8,160.83989127714221,126.76010872285782,23.699431539836155,0.12441074911169447,30573735.0,6.0082583956458055,8.214285714285714,6.270447110141767,,,,1,1,0,-1,0,1,0,0,2,False,False
2026-01-20,131.0,131.0,119.0,119.0,116079100,136.11229208997145,122.22044940498974,58.225,32.18390804597702,0.3689901008786194,4.744503496393045,-4.375513395514425,142.25,162.29074796377006,122.20925203622994,28.1767985430862,-0.08006817016090595,36377690.0,3.1909420306786935,9.071428571428571,7.623049219687875,,,,1,1,0,-1,1,1,0,0,3,False,False
2026-01-21,116.0,116.0,102.0,104.0,393388100,133.0539785575932,121.50592197734308,58.635,27.450980392156865,-2.123263611751952,3.3709500747640453,-5.494213686515997,139.95,165.92549452444476,113.9745054755552,37.12110685879926,-0.1919983749716197,56047095.0,7.018884743268139,10.285714285714286,9.89010989010989,,,,1,1,1,-1,1,1,0,0,4,False,False
2026-01-22,100.0,117.0,96.0,99.0,357626900,129.8107425044891,120.623336801761,59.01,26.16822429906543,-4.4505477044198045,1.8066505189272752,-6.25719822334708,137.4,168.69082596343014,106.10917403656988,45.54705380411955,-0.11359837616428595,73928440.0,4.8374739139632865,11.785714285714286,11.904761904761905,,,,1,1,1,-1,1,1,0,0,4,False,False
2026-01-23,102.0,102.0,87.0,90.0,80261800,126.01924321834728,119.42242163306449,59.335,24.13793103448276,-6.9411486578841135,0.05709068356499736,-6.998239341449111,134.4,171.55911731997935,97.24088268002065,55.29630553568355,-0.09743076803559378,77941530.0,1.029769366857438,12.857142857142858,14.285714285714285,,,,1,1,1,-1,1,0,0,0,3,False,False
2026-01-26,91.0,113.0,88.0,94.0,449427000,122.96979148326659,118.42546392196392,59.685,26.66666666666667,-8.49428446293011,-1.6531843457340243,-6.841100117196087,131.6,172.09899283997842,91.10100716002157,61.54862133735324,0.03579092511550933,100412880.0,4.475790356774947,14.642857142857142,15.577507598784193,0.5743589743589744,,,1,1,1,-1,1,1,0,0,4,False,False
2026-01-27,97.0,109.0,96.0,104.0,179404800,121.16314467533644,117.85975945443593,60.09,36.52173913043479,-8.816606994371512,-3.085868875461522,-5.73073811890999,129.3,170.61572913170244,87.98427086829759,63.906773598921,0.19382120887482063,109383120.0,1.6401506923554567,14.642857142857142,14.07967032967033,0.5555608935863562,,,1,1,0,-1,0,1,0,0,2,False,False
2026-01-28,90.0,99.0,89.0,89.0,95646700,118.09998803959012,116.72800418171295,60.42,24.786324786324784,-10.165245935023648,-4.501744287373947,-5.663501647649701,126.25,170.06239911017735,82.43760088982266,69.40578076859778,0.0748920310626511,114165455.0,0.8377902054522535,14.785714285714286,16.613162118780096,0.03377859665284787,0.38789948819939274,,1,1,1,-1,0,0,0,0,2,False,False
2026-01-29,77.0,87.0,76.0,83.0,132305400,114.75713203581962,115.40533735105754,60.725,23.96694214876034,-11.58466110579073,-5.918327651057304,-5.666333454733426,122.9,169.23925243019647,76.56074756980352,75.40968662359067,0.06947945955641276,120780725.0,1.095418163783998,15.142857142857142,18.244406196213426,0.0,0.19644649674640133,,-1,1,1,-1,0,0,-1,0,0,False,False
2026-01-30,85.0,90.0,79.0,82.0,56849300,111.63740517526537,114.0953241216043,61.03,26.126126126126138,-12.64449166857645,-7.263560454561133,-5.380931214015317,119.5,167.41879095214932,71.58120904785068,80.19881330903652,0.10871299906703931,123623190.0,0.45985951341330056,15.142857142857142,18.46689895470383,0.12113843947754008,0.05163901204346261,0.21199499899641897,-1,1,1,-1,0,0,0,0,0,False,False
2026-02-02,82.0,83.0,70.0,70.0,60541600,107.6719380157163,112.36609572467866,61.27,25.89285714285714,-14.288011435219659,-8.668450650692838,-5.61956078452682,115.5,165.9860585237465,65.0139414762535,87.4217463614658,0.04938054850728012,126650270.0,0.47802187867424206,15.285714285714286,21.836734693877553,0.10805116164112638,0.07639653370622211,0.10816068083202875,-1,1,1,-1,1,0,0,0,1,False,False
2026-02-03,70.0,82.0,60.0,77.0,165420500,104.75080106183854,110.97919000998537,61.545,22.429906542056074,-14.854438472501727,-9.905648215054615,-4.948790257447111,111.85,162.38930205920516,61.310697940794824,90.36978463872181,0.1552188239642255,134921295.0,1.2260518252511585,16.0,20.77922077922078,0.0,0.07639653370622211,0.06814402648530235,-1,1,1,-1,0,0,0,0,0,False,False
2026-02-04,73.0,80.0,70.0,73.0,50621100,101.72691524642535,109.4898100095938,61.81,19.444444444444443,-15.448027308292495,-11.014124033702192,-4.433903274590303,108.75,160.89100315995387,56.60899684004613,95.89150006428298,0.1571795915555259,134879220.0,0.3753068856714919,16.071428571428573,22.015655577299416,0.0,0.036017053880375426,0.06293670709760663,-1,1,1,-1,0,0,0,0,0,False,False
2026-02-05,73.0,78.0,70.0,72.0,41846700,98.89578046105152,108.0196213817666,62.07,20.588235294117652,-15.816815970997027,-11.97466242116116,-3.842153549835867,104.95,156.11526371012195,53.78473628987806,97.50407567436294,0.1780042004016725,133772040.0,0.31282097514547885,15.142857142857142,21.03174603174603,0.06393861892583155,0.021312872975277147,0.0445754868539583,-1,1,1,-1,0,0,0,0,0,False,False
2026-02-06,69.0,73.0,66.0,68.0,41553900,95.95332517904662,106.45022446483458,62.31,20.0,-16.244592661480667,-12.828648469225062,-3.415944192255605,101.05,150.9149755787937,51.18502442120629,98.69366764729087,0.16860507183267012,134173920.0,0.30970176618526163,14.571428571428571,21.428571428571427,0.03253182461103261,0.032156814512288016,0.029828913789313603,-1,1,1,-1,0,0,0,0,0,False,False
2026-02-09,72.0,91.0,69.0,91.0,826748000,95.48157992389932,105.84433330935086,62.66,37.93103448275862,-14.559863941358387,-13.174891563651729,-1.3849723777066583,98.85,146.22876495246643,51.471235047533554,95.85991897312381,0.4171569794202567,174620380.0,4.73454473068951,15.357142857142858,16.875981161695446,1.0,0.36549014784562134,0.13965327844439557,-1,1,0,-1,0,1,0,0,0,False,False
2026-02-10,91.0,106.0,86.0,95.0,1147781400,95.43571516924224,105.41906533643514,63.03,45.714285714285715,-12.754907092928022,-13.090894669506987,0.3359875765789653,97.4,143.28956996506895,51.510430034931055,94.22909643751322,0.4738502670451382,230720575.0,4.974768288437215,15.571428571428571,16.390977443609025,1.0,0.6775106082036775,0.3583858568538623,-1,1,0,1,0,1,0,1,2,True,False
2026-02-11,98.0,100.0,90.0,94.0,299284800,95.29898039121917,104.97125885265338,63.395,47.524752475247524,-11.275184125150048,-12.727752560635599,1.452568435485551,95.3,137.44311456529013,53.156885434709864,88.44305260291738,0.48457636539907395,243685410.0,1.2281605205662498,14.785714285714286,15.729483282674773,1.0,1.0,0.681000252016433,-1,1,0,1,0,0,0,0,1,False,False
2026-02-12,94.0,102.0,93.0,96.0,236422700,95.36574416348401,104.61944478000031,63.775,53.19148936170213,-9.827820727316592,-12.147766193971798,2.3199454666552057,93.15,129.9554629812365,56.344537018763496,79.02407510732475,0.5387170785143083,254163790.0,0.9301982001448751,14.357142857142858,14.955357142857142,1.0,1.0,0.8925035360678925,-1,1,0,1,0,0,0,0,1,False,False
2026-02-13,96.0,102.0,94.0,95.0,124911000,95.33091138600935,104.24221165137284,64.155,50.54945054945055,-8.661620677990499,-11.450537090775539,2.7889164127850403,91.3,123.28749755763982,59.31250244236016,70.07118851618802,0.557835096248664,251990785.0,0.49569669779789766,13.142857142857142,13.834586466165414,0.9217105136544714,0.9739035045514903,0.9913011681838301,-1,1,0,1,0,0,0,0,1,False,False
2026-02-18,95.0,98.0,90.0,94.0,70123100,95.20415792067512,103.84055629249548,64.525,43.90243902439024,-7.728995332472991,-10.70622873911503,2.977233406642039,89.45,115.49833563730512,63.40166436269489,58.241108188496625,0.587337633838757,246312195.0,0.284691953640379,12.642857142857142,13.449848024316108,0.7247447780957668,0.8821517639167459,0.9520184228227455,-1,1,0,1,0,0,0,0,1,False,False
2026-02-19,95.0,114.0,92.0,104.0,753886000,96.04185716632512,103.84680898690742,64.945,59.74025974025973,-6.112505442594923,-9.78748407981101,3.6749786372160873,88.7,111.87076197552277,65.52923802447724,52.24523557051356,0.8301574634481741,278202540.0,2.7098458554691844,13.142857142857142,12.637362637362637,1.0,0.8821517639167459,0.9127356774616607,-1,1,0,1,0,1,0,0,2,False,False
2026-02-20,105.0,106.0,96.0,100.0,127696100,96.41882315048463,103.6959537325189,65.345,61.333333333333336,-5.0954548970483415,-8.849078243258477,3.7536233462101354,88.5,111.17853146642658,65.82146853357342,51.25091856819566,0.7535437538586804,264917940.0,0.48202133838123606,12.928571428571429,12.928571428571429,1.0,0.9082482593652556,0.8908505957329158,-1,1,0,1,0,0,0,0,1,False,False
2026-02-23,102.0,131.0,98.0,127.0,2198040900,99.3313161837718,104.60983789987111,65.88,72.27722772277228,-2.0867064081209747,-7.496603876230976,5.409897468110001,89.9,118.09406432492325,61.70593567507676,62.72316868725972,1.1579399048757224,356938640.0,6.158035734097043,14.5,11.41732283464567,1.0,1.0,0.9301333410940006,-1,1,-1,1,-1,1,0,0,0,False,False
2026-02-24,128.0,164.0,128.0,135.0,3099855000,102.72833369007925,105.80160896262127,66.455,83.50515463917526,0.9325319397066778,-5.810776713043445,6.743308652750123,92.15,126.81698717800573,57.48301282199428,75.24034113511823,1.1180231322089902,507918300.0,6.103058306818242,16.214285714285715,12.010582010582011,1.0,1.0,0.9694160864550853,-1,1,-1,1,-1,1,0,0,0,False,False
2026-02-25,135.0,156.0,135.0,143.0,1187203300,106.56373048150027,107.26036939545966,67.07,83.6734693877551,3.925581563335669,-3.863505057767622,7.789086621103291,94.6,136.0749131530452,53.12508684695477,87.68480582039157,1.0834852483162625,544807115.0,2.1791259095432336,16.142857142857142,11.288711288711289,1.0,1.0,1.0,-1,1,-1,1,-1,1,0,0,0,False,False
2026-02-26,148.0,149.0,123.0,127.0,461224900,108.51004186421454,108.03447255642203,67.6,74.54545454545455,4.949474213605271,-2.1009092034930434,7.050383417098314,95.75,139.5335585579794,51.966441442020596,91.45390821510058,0.8568691197018383,558898120.0,0.8252396697988535,17.285714285714285,13.610798650168729,0.8566433566433567,0.9522144522144522,0.984071484071484,1,1,-1,1,0,0,1,0,2,True,False
2026-02-27,125.0,138.0,114.0,124.0,360834900,109.98527597238458,108.66057167185646,68.115,73.21428571428572,5.455948806111607,-0.5895376015721134,6.04548640768372,97.5,142.91504503784495,52.08495496215506,93.15906674429732,0.7917535364978412,572157530.0,0.6306565606153955,18.428571428571427,14.861751152073733,0.8357371794871796,0.8974601787101787,0.9498915436415437,1,1,-1,1,0,0,0,0,2,False,False
